"gene","insdens"
"SAPIG0004",0.00718778077268643
"SAPIG0007",0.0565805658056581
"SAPIG0010",0.130747126436782
"SAPIG0011",0.13030303030303
"SAPIG0012",0.101135190918473
"SAPIG0013",0.168831168831169
"SAPIG0020",0.00282485875706215
"SAPIG0021",0.00492610837438424
"SAPIG0022",0.168539325842697
"SAPIG0023",0.158428390367554
"SAPIG0025",0.0913006029285099
"SAPIG0038",0.174814814814815
"SAPIG0039",0.18452380952381
"SAPIG0040",0.108870967741935
"SAPIG0041",0.142191142191142
"SAPIG0042",0.137518684603886
"SAPIG0052",0.185897435897436
"SAPIG0066",0.135531135531136
"SAPIG0071",0.19047619047619
"SAPIG0072",0.128595600676819
"SAPIG0073",0.0993314231136581
"SAPIG0074",0.119315141787052
"SAPIG0104",0.117845117845118
"SAPIG0105",0.16953316953317
"SAPIG0107",0.150987224157956
"SAPIG0108",0.159203980099502
"SAPIG0112",0.113871635610766
"SAPIG0113",0.110435663627153
"SAPIG0115",0.108132260947274
"SAPIG0116",0.107718405428329
"SAPIG0117",0.102951763858891
"SAPIG0118",0.0929256594724221
"SAPIG0119",0.101914414414414
"SAPIG0121",0.112366603892028
"SAPIG0122",0.0735395189003436
"SAPIG0123",0.139442231075697
"SAPIG0124",0.158158158158158
"SAPIG0125",0.0933734939759036
"SAPIG0126",0.120845921450151
"SAPIG0127",0.0754332313965341
"SAPIG0128",0.0890207715133531
"SAPIG0129",0.104843304843305
"SAPIG0132",0.116868163500288
"SAPIG0133",0.0983510011778563
"SAPIG0134",0.0875160875160875
"SAPIG0135",0.0922693266832918
"SAPIG0136",0.112418300653595
"SAPIG0140",0.0694980694980695
"SAPIG0144",0.127677806341045
"SAPIG0145",0.171105730427764
"SAPIG0146",0.153738644304682
"SAPIG0147",0.103333333333333
"SAPIG0148",0.128099173553719
"SAPIG0149",0.102564102564103
"SAPIG0151",0.142645971914265
"SAPIG0157",0.106583072100313
"SAPIG0158",0.0983818770226537
"SAPIG0159",0.0579427083333333
"SAPIG0162",0.121455938697318
"SAPIG0163",0.104633781763827
"SAPIG0164",0.128093158660844
"SAPIG0165",0.105882352941176
"SAPIG0167",0.0903790087463557
"SAPIG0168",0.127927927927928
"SAPIG0169",0.100444444444444
"SAPIG0170",0.111642743221691
"SAPIG0171",0.124324324324324
"SAPIG0172",0.193658954584404
"SAPIG0173",0.208955223880597
"SAPIG0175",0.155913978494624
"SAPIG0176",0.119369369369369
"SAPIG0177",0.117973079968329
"SAPIG0178",0.0959860383944154
"SAPIG0179",0.128440366972477
"SAPIG0180",0.143229166666667
"SAPIG0181",0.102150537634409
"SAPIG0183",0.128125
"SAPIG0185",0.0994152046783626
"SAPIG0186",0.107962213225371
"SAPIG0187",0.0758974358974359
"SAPIG0188",0.110236220472441
"SAPIG0189",0.101449275362319
"SAPIG0191",0.12280701754386
"SAPIG0192",0.160671462829736
"SAPIG0193",0.127189324437031
"SAPIG0194",0.125581395348837
"SAPIG0195",0.129292929292929
"SAPIG0204",0.112449799196787
"SAPIG0205",0.113954905545399
"SAPIG0208",0.12594696969697
"SAPIG0210",0.136082474226804
"SAPIG0211",0.110730593607306
"SAPIG0213",0.114695340501792
"SAPIG0214",0.140046296296296
"SAPIG0215",0.0759573132454488
"SAPIG0216",0.110055423594616
"SAPIG0217",0.152061855670103
"SAPIG0218",0.113175675675676
"SAPIG0220",0.114987080103359
"SAPIG0221",0.116427432216906
"SAPIG0222",0.119170984455959
"SAPIG0223",0.0965391621129326
"SAPIG0224",0.10062893081761
"SAPIG0225",0.117415287628054
"SAPIG0226",0.103571428571429
"SAPIG0227",0.0574074074074074
"SAPIG0228",0.0912584053794428
"SAPIG0229",0.107327141382869
"SAPIG0230",0.197979797979798
"SAPIG0231",0.11231884057971
"SAPIG0232",0.104084321475626
"SAPIG0233",0.126525369299936
"SAPIG0234",0.103199174406605
"SAPIG0238",0.116213151927438
"SAPIG0239",0.133333333333333
"SAPIG0241",0.0877637130801688
"SAPIG0242",0.101679929266136
"SAPIG0243",0.115511551155116
"SAPIG0244",0.0956175298804781
"SAPIG0245",0.0934101087651951
"SAPIG0247",0.0861788617886179
"SAPIG0248",0.134823848238482
"SAPIG0250",0.114942528735632
"SAPIG0251",0.101221640488656
"SAPIG0254",0.106535947712418
"SAPIG0255",0.104700854700855
"SAPIG0256",0.103481163567
"SAPIG0257",0.106837606837607
"SAPIG0258",0.121863799283154
"SAPIG0259",0.125396825396825
"SAPIG0260",0.109848484848485
"SAPIG0261",0.108843537414966
"SAPIG0262",0.113984674329502
"SAPIG0263",0.133891213389121
"SAPIG0264",0.152046783625731
"SAPIG0265",0.15929203539823
"SAPIG0267",0.00427350427350427
"SAPIG0268",0.00139470013947001
"SAPIG0269",0.00584795321637427
"SAPIG0270",0.00651272942569568
"SAPIG0271",0.141114982578397
"SAPIG0272",0.12
"SAPIG0273",0.098005698005698
"SAPIG0274",0.125506072874494
"SAPIG0275",0.107305936073059
"SAPIG0276",0.123931623931624
"SAPIG0278",0.107801418439716
"SAPIG0279",0.0997474747474748
"SAPIG0280",0.100904662491301
"SAPIG0282",0.119422572178478
"SAPIG0284",0.101234567901235
"SAPIG0285",0.090702947845805
"SAPIG0286",0.103103103103103
"SAPIG0288",0.104325699745547
"SAPIG0289",0.134350036310821
"SAPIG0290",0.109768378650554
"SAPIG0291",0.129337539432177
"SAPIG0292",0.137878787878788
"SAPIG0293",0.165038002171553
"SAPIG0295",0.0866141732283465
"SAPIG0296",0.0973154362416107
"SAPIG0298",0.121452145214521
"SAPIG0300",0.152263374485597
"SAPIG0301",0.106367041198502
"SAPIG0302",0.121682411156095
"SAPIG0306",0.163027656477438
"SAPIG0309",0.179738562091503
"SAPIG0310",0.147704590818363
"SAPIG0318",0.133333333333333
"SAPIG0320",0.112233445566779
"SAPIG0321",0.105714285714286
"SAPIG0322",0.0958702064896755
"SAPIG0323",0.137596899224806
"SAPIG0324",0.09562109025916
"SAPIG0325",0.0735930735930736
"SAPIG0326",0.122850122850123
"SAPIG0327",0.133724722765819
"SAPIG0328",0.0873015873015873
"SAPIG0329",0.099883855981417
"SAPIG0330",0.0936329588014981
"SAPIG0331",0.0866965620328849
"SAPIG0332",0.118721461187215
"SAPIG0333",0.086171310629515
"SAPIG0336",0.198373983739837
"SAPIG0349",0.105398457583548
"SAPIG0392",0.0692307692307692
"SAPIG0394",0.0833333333333333
"SAPIG0396",0.125773195876289
"SAPIG0401",0.117149758454106
"SAPIG0402",0.0748971193415638
"SAPIG0403",0.117764471057884
"SAPIG0405",0.118601747815231
"SAPIG0408",0.113391984359726
"SAPIG0409",0.0789473684210526
"SAPIG0410",0.0863095238095238
"SAPIG0412",0.0833333333333333
"SAPIG0413",0.118609406952965
"SAPIG0414",0.0761904761904762
"SAPIG0415",0.121681415929204
"SAPIG0416",0.133786848072562
"SAPIG0418",0.117583603020496
"SAPIG0419",0.0800376647834275
"SAPIG0420",0.107583774250441
"SAPIG0421",0.164658634538153
"SAPIG0424",0.108771929824561
"SAPIG0425",0.091869918699187
"SAPIG0426",0.124343257443082
"SAPIG0427",0.087962962962963
"SAPIG0428",0.151282051282051
"SAPIG0430",0.15266106442577
"SAPIG0431",0.117437722419929
"SAPIG0432",0.195238095238095
"SAPIG0434",0.00423011844331641
"SAPIG0435",0.0889774236387782
"SAPIG0438",0.0921619293712317
"SAPIG0440",0.0896057347670251
"SAPIG0441",0.112244897959184
"SAPIG0444",0.145833333333333
"SAPIG0449",0.124661246612466
"SAPIG0450",0.0820244328097731
"SAPIG0451",0.136363636363636
"SAPIG0453",0.0910652920962199
"SAPIG0454",0.122395833333333
"SAPIG0455",0.125996810207337
"SAPIG0456",0.147874306839187
"SAPIG0460",0.0701058201058201
"SAPIG0461",0.0647948164146868
"SAPIG0462",0.00626959247648903
"SAPIG0463",0.120663650075415
"SAPIG0464",0.139705882352941
"SAPIG0466",0.0961386918833727
"SAPIG0468",0.00324254215304799
"SAPIG0476",0.143401015228426
"SAPIG0477",0.130434782608696
"SAPIG0478",0.188405797101449
"SAPIG0479",0.191690273843248
"SAPIG0480",0.126016260162602
"SAPIG0484",0.132216014897579
"SAPIG0485",0.146099290780142
"SAPIG0488",0.155555555555556
"SAPIG0489",0.118203309692671
"SAPIG0490",0.136563876651982
"SAPIG0495",0.113475177304965
"SAPIG0496",0.149425287356322
"SAPIG0497",0.105865522174535
"SAPIG0502",0.0987903225806452
"SAPIG0503",0.122977346278317
"SAPIG0504",0.113161131611316
"SAPIG0512",0.107046070460705
"SAPIG0513",0.116892911010558
"SAPIG0514",0.145061728395062
"SAPIG0515",0.146031746031746
"SAPIG0517",0.0947630922693267
"SAPIG0519",0.0757575757575758
"SAPIG0521",0.167865707434053
"SAPIG0522",0.118518518518519
"SAPIG0523",0.107482993197279
"SAPIG0524",0.0753169276659209
"SAPIG0525",0.0816777041942605
"SAPIG0526",0.0166229221347332
"SAPIG0528",0.139393939393939
"SAPIG0529",0.0877817319098458
"SAPIG0530",0.121393034825871
"SAPIG0534",0.134099616858238
"SAPIG0535",0.146451033243486
"SAPIG0536",0.144632768361582
"SAPIG0537",0.0942222222222222
"SAPIG0538",0.103142076502732
"SAPIG0543",0.133333333333333
"SAPIG0544",0.00176678445229682
"SAPIG0547",0.000747384155455904
"SAPIG0550",0.00215749730312837
"SAPIG0551",0.0360696517412935
"SAPIG0553",0.112947658402204
"SAPIG0554",0.132530120481928
"SAPIG0555",0.139285714285714
"SAPIG0557",0.0775193798449612
"SAPIG0558",0.0782122905027933
"SAPIG0560",0.117424242424242
"SAPIG0563",0.0498687664041995
"SAPIG0567",0.0198776758409786
"SAPIG0570",0.110674525212836
"SAPIG0571",0.0812395309882747
"SAPIG0573",0.00763358778625954
"SAPIG0575",0.000771604938271605
"SAPIG0577",0.00859598853868195
"SAPIG0593",0.0874909616775126
"SAPIG0594",0.0394144144144144
"SAPIG0595",0.0802139037433155
"SAPIG0596",0.130041152263374
"SAPIG0599",0.116071428571429
"SAPIG0600",0.00814000814000814
"SAPIG0602",0.12756052141527
"SAPIG0607",0.0535475234270415
"SAPIG0608",0.140952380952381
"SAPIG0609",0.173684210526316
"SAPIG0614",0.00399201596806387
"SAPIG0616",0.0738916256157636
"SAPIG0624",0.0756802721088435
"SAPIG0625",0.0740740740740741
"SAPIG0626",0.0978384527872583
"SAPIG0627",0.1121267519805
"SAPIG0628",0.126293995859213
"SAPIG0630",0.116959064327485
"SAPIG0633",0.00636942675159236
"SAPIG0634",0.114942528735632
"SAPIG0635",0.0811287477954145
"SAPIG0638",0.0916496945010183
"SAPIG0640",0.127431254191818
"SAPIG0642",0.0585585585585586
"SAPIG0643",0.0777777777777778
"SAPIG0647",0.12037037037037
"SAPIG0648",0.115631691648822
"SAPIG0649",0.13362381989833
"SAPIG0650",0.0745614035087719
"SAPIG0651",0.10655737704918
"SAPIG0656",0.131233595800525
"SAPIG0657",0.138211382113821
"SAPIG0658",0.122558922558923
"SAPIG0659",0.136865342163355
"SAPIG0660",0.122875816993464
"SAPIG0663",0.003584229390681
"SAPIG0666",0.00185701021355617
"SAPIG0667",0.0789473684210526
"SAPIG0668",0.122448979591837
"SAPIG0669",0.036281179138322
"SAPIG0670",0.0810234541577825
"SAPIG0671",0.114886731391586
"SAPIG0673",0.142628205128205
"SAPIG0674",0.145339652448657
"SAPIG0676",0.0952380952380952
"SAPIG0677",0.151090342679128
"SAPIG0680",0.157894736842105
"SAPIG0682",0.132216014897579
"SAPIG0683",0.165618448637317
"SAPIG0684",0.130401234567901
"SAPIG0686",0.0890207715133531
"SAPIG0687",0.0119904076738609
"SAPIG0689",0.128930817610063
"SAPIG0690",0.122747747747748
"SAPIG0691",0.145896656534954
"SAPIG0692",0.116666666666667
"SAPIG0693",0.0936329588014981
"SAPIG0694",0.104536489151874
"SAPIG0695",0.160390516039052
"SAPIG0696",0.149556400506971
"SAPIG0697",0.0186666666666667
"SAPIG0698",0.138702460850112
"SAPIG0704",0.188405797101449
"SAPIG0705",0.137608550434202
"SAPIG0706",0.142857142857143
"SAPIG0707",0.099009900990099
"SAPIG0708",0.102739726027397
"SAPIG0709",0.13215859030837
"SAPIG0710",0.0903225806451613
"SAPIG0711",0.152927120669056
"SAPIG0712",0.104838709677419
"SAPIG0713",0.0186046511627907
"SAPIG0714",0.173970783532537
"SAPIG0715",0.00130718954248366
"SAPIG0716",0.00125786163522013
"SAPIG0717",0.003690036900369
"SAPIG0718",0.00476190476190476
"SAPIG0721",0.119598765432099
"SAPIG0722",0.165509259259259
"SAPIG0723",0.117886178861789
"SAPIG0724",0.112709832134293
"SAPIG0725",0.0827067669172932
"SAPIG0726",0.122388059701493
"SAPIG0727",0.134709931170108
"SAPIG0730",0.0498442367601246
"SAPIG0732",0.135767790262172
"SAPIG0733",0.121647509578544
"SAPIG0734",0.174825174825175
"SAPIG0735",0.153846153846154
"SAPIG0736",0.136363636363636
"SAPIG0737",0.133333333333333
"SAPIG0738",0.125
"SAPIG0739",0.152230971128609
"SAPIG0740",0.194179894179894
"SAPIG0741",0.0372168284789644
"SAPIG0742",0.0396825396825397
"SAPIG0743",0.119047619047619
"SAPIG0744",0.144186046511628
"SAPIG0745",0.143654114365411
"SAPIG0746",0.133333333333333
"SAPIG0747",0.0613668061366806
"SAPIG0748",0.0907172995780591
"SAPIG0749",0.0341085271317829
"SAPIG0750",0.0761245674740484
"SAPIG0751",0.11957411957412
"SAPIG0752",0.161554192229039
"SAPIG0753",0.123188405797101
"SAPIG0756",0.103333333333333
"SAPIG0757",0.0976058931860037
"SAPIG0758",0.0758377425044092
"SAPIG0759",0.111111111111111
"SAPIG0760",0.0774853801169591
"SAPIG0762",0.117647058823529
"SAPIG0763",0.13142174432497
"SAPIG0765",0.117583603020496
"SAPIG0766",0.118811881188119
"SAPIG0767",0.163194444444444
"SAPIG0768",0.127413127413127
"SAPIG0769",0.0931586608442504
"SAPIG0770",0.173139158576052
"SAPIG0771",0.113475177304965
"SAPIG0772",0.116538131962296
"SAPIG0775",0.0708661417322835
"SAPIG0777",0.0849872773536896
"SAPIG0779",0.131111111111111
"SAPIG0780",0.107142857142857
"SAPIG0781",0.143292682926829
"SAPIG0782",0.160984848484848
"SAPIG0783",0.122270742358079
"SAPIG0784",0.132911392405063
"SAPIG0785",0.0929705215419501
"SAPIG0786",0.143589743589744
"SAPIG0790",0.127946127946128
"SAPIG0791",0.152777777777778
"SAPIG0792",0.113300492610837
"SAPIG0794",0.122362869198312
"SAPIG0795",0.118407960199005
"SAPIG0797",0.093716719914803
"SAPIG0799",0.0920245398773006
"SAPIG0800",0.135313531353135
"SAPIG0802",0.125230202578269
"SAPIG0803",0.127450980392157
"SAPIG0804",0.124833997343958
"SAPIG0805",0.12375249500998
"SAPIG0806",0.13840830449827
"SAPIG0808",0.00189933523266857
"SAPIG0809",0.00411522633744856
"SAPIG0810",0.0895061728395062
"SAPIG0811",0.140020898641588
"SAPIG0812",0.101049868766404
"SAPIG0813",0.11175898931001
"SAPIG0815",0.159922928709056
"SAPIG0816",0.146757679180887
"SAPIG0817",0.0841121495327103
"SAPIG0818",0.0808888888888889
"SAPIG0820",0.115151515151515
"SAPIG0821",0.0774278215223097
"SAPIG0822",0.0317460317460317
"SAPIG0824",0.105919003115265
"SAPIG0825",0.10957324106113
"SAPIG0826",0.0914127423822715
"SAPIG0827",0.0977777777777778
"SAPIG0828",0.0506108202443281
"SAPIG0831",0.136904761904762
"SAPIG0832",0.105990783410138
"SAPIG0839",0.1125
"SAPIG0842",0.157894736842105
"SAPIG0843",0.0180722891566265
"SAPIG0844",0.0148148148148148
"SAPIG0848",0.105204872646733
"SAPIG0849",0.0920634920634921
"SAPIG0858",0.0823211875843455
"SAPIG0862",0.065843621399177
"SAPIG0863",0.114942528735632
"SAPIG0864",0.111111111111111
"SAPIG0871",0.106259097525473
"SAPIG0874",0.0912280701754386
"SAPIG0875",0.103508771929825
"SAPIG0879",0.0945017182130584
"SAPIG0880",0.153721682847896
"SAPIG0881",0.117171717171717
"SAPIG0882",0.108747044917258
"SAPIG0884",0.151851851851852
"SAPIG0885",0.137071651090343
"SAPIG0889",0.127417519908987
"SAPIG0890",0.129198966408269
"SAPIG0891",0.117845117845118
"SAPIG0892",0.0740740740740741
"SAPIG0893",0.0962643678160919
"SAPIG0894",0.108272506082725
"SAPIG0895",0.107692307692308
"SAPIG0896",0.171361502347418
"SAPIG0899",0.00241545893719807
"SAPIG0900",0.0150537634408602
"SAPIG0903",0.0826128722382325
"SAPIG0904",0.098314606741573
"SAPIG0905",0.0977620730270907
"SAPIG0906",0.123188405797101
"SAPIG0907",0.135606060606061
"SAPIG0910",0.0599250936329588
"SAPIG0911",0.131034482758621
"SAPIG0912",0.0987179487179487
"SAPIG0913",0.0947916666666667
"SAPIG0916",0.00493827160493827
"SAPIG0918",0.00425170068027211
"SAPIG0919",0.0452674897119342
"SAPIG0920",0.160493827160494
"SAPIG0921",0.11924882629108
"SAPIG0924",0.0562448304383788
"SAPIG0925",0.10840108401084
"SAPIG0926",0.0349278663629461
"SAPIG0927",0.0133333333333333
"SAPIG0928",0.0770562770562771
"SAPIG0936",0.0859375
"SAPIG0937",0.0993265993265993
"SAPIG0938",0.00793650793650794
"SAPIG0939",0.0842198581560284
"SAPIG0941",0.124497991967871
"SAPIG0942",0.10752688172043
"SAPIG0946",0.133680555555556
"SAPIG0951",0.079734219269103
"SAPIG0952",0.169230769230769
"SAPIG0971",0.121212121212121
"SAPIG0973",0.165840220385675
"SAPIG0976",0.0968992248062016
"SAPIG0977",0.091358024691358
"SAPIG0979",0.00106157112526539
"SAPIG0982",0.0809061488673139
"SAPIG0983",0.0868347338935574
"SAPIG0984",0.061865189289012
"SAPIG0985",0.09447983014862
"SAPIG0986",0.0803140096618357
"SAPIG0993",0.0101010101010101
"SAPIG0994",0.0888888888888889
"SAPIG0995",0.105369807497467
"SAPIG0997",0.0755885997521685
"SAPIG0998",0.103825136612022
"SAPIG0999",0.143097643097643
"SAPIG1002",0.0037037037037037
"SAPIG1003",0.166081871345029
"SAPIG1005",0.102439024390244
"SAPIG1006",0.00518806744487678
"SAPIG1007",0.109576427255985
"SAPIG1008",0.0968769917144678
"SAPIG1009",0.100131752305665
"SAPIG1010",0.111764705882353
"SAPIG1013",0.00255102040816327
"SAPIG1014",0.00134680134680135
"SAPIG1017",0.025062656641604
"SAPIG1018",0.0731601731601732
"SAPIG1019",0.0426784400294334
"SAPIG1020",0.113095238095238
"SAPIG1025",0.0891590678824721
"SAPIG1027",0.135986733001658
"SAPIG1029",0.102290076335878
"SAPIG1030",0.105919003115265
"SAPIG1031",0.0747663551401869
"SAPIG1034",0.15
"SAPIG1035",0.0677083333333333
"SAPIG1038",0.123188405797101
"SAPIG1040",0.0816831683168317
"SAPIG1042",0.0895522388059701
"SAPIG1045",0.0786802030456853
"SAPIG1046",0.0583090379008746
"SAPIG1047",0.0961038961038961
"SAPIG1048",0.173095944609298
"SAPIG1049",0.126190476190476
"SAPIG1050",0.127568721643982
"SAPIG1052",0.0997876857749469
"SAPIG1053",0.0435139573070608
"SAPIG1054",0.0896147403685092
"SAPIG1058",0.00272479564032698
"SAPIG1061",0.00464576074332172
"SAPIG1073",0.136307311028501
"SAPIG1074",0.0885082084225553
"SAPIG1075",0.125
"SAPIG1077",0.179012345679012
"SAPIG1078",0.113384484228474
"SAPIG1079",0.0810313075506446
"SAPIG1083",0.0969162995594714
"SAPIG1084",0.0931372549019608
"SAPIG1085",0.0150829562594268
"SAPIG1086",0.00176678445229682
"SAPIG1087",0.0091324200913242
"SAPIG1089",0.125996810207337
"SAPIG1091",0.00102249488752556
"SAPIG1092",0.00154679040989946
"SAPIG1094",0.0833333333333333
"SAPIG1095",0.107407407407407
"SAPIG1096",0.0666666666666667
"SAPIG1097",0.104010025062657
"SAPIG1098",0.0814814814814815
"SAPIG1099",0.058659217877095
"SAPIG1100",0.129411764705882
"SAPIG1102",0.0946045824094605
"SAPIG1103",0.0699186991869919
"SAPIG1105",0.140625
"SAPIG1108",0.0952380952380952
"SAPIG1109",0.0579710144927536
"SAPIG1112",0.0153508771929825
"SAPIG1114",0.0670995670995671
"SAPIG1116",0.0229885057471264
"SAPIG1117",0.101075268817204
"SAPIG1118",0.196078431372549
"SAPIG1123",0.003584229390681
"SAPIG1125",0.0609375
"SAPIG1126",0.0741784037558685
"SAPIG1127",0.0829694323144105
"SAPIG1128",0.0770659238625813
"SAPIG1129",0.0789825970548862
"SAPIG1130",0.0990712074303406
"SAPIG1133",0.0742240215924427
"SAPIG1137",0.157303370786517
"SAPIG1139",0.103327495621716
"SAPIG1140",0.0719455087271179
"SAPIG1144",0.0962082625919638
"SAPIG1145",0.0723039215686275
"SAPIG1148",0.0912698412698413
"SAPIG1153",0.143984220907298
"SAPIG1158",0.0802083333333333
"SAPIG1162",0.101928374655647
"SAPIG1165",0.0989081567116249
"SAPIG1167",0.122362869198312
"SAPIG1172",0.104803493449782
"SAPIG1173",0.113378684807256
"SAPIG1174",0.0768277571251549
"SAPIG1177",0.00497512437810945
"SAPIG1178",0.00313199105145414
"SAPIG1181",0.00606060606060606
"SAPIG1184",0.101010101010101
"SAPIG1187",0.0108108108108108
"SAPIG1188",0.123711340206186
"SAPIG1189",0.0867410161090458
"SAPIG1192",0.112781954887218
"SAPIG1196",0.0764525993883792
"SAPIG1206",0.0800942285041225
"SAPIG1210",0.0016604400166044
"SAPIG1217",0.0812785388127854
"SAPIG1218",0.170698924731183
"SAPIG1219",0.0636591478696742
"SAPIG1224",0.141333333333333
"SAPIG1225",0.0607164541590771
"SAPIG1235",0.00399680255795364
"SAPIG1242",0.120444955887994
"SAPIG1243",0.00451977401129944
"SAPIG1245",0.0077120822622108
"SAPIG1269",0.00350877192982456
"SAPIG1276",0.00906056270863138
"SAPIG1277",0.001194743130227
"SAPIG1278",0.00675105485232068
"SAPIG1279",0.0910364145658263
"SAPIG1280",0.0868878357030016
"SAPIG1281",0.0334110334110334
"SAPIG1282",0.0099290780141844
"SAPIG1283",0.0929951690821256
"SAPIG1286",0.107638888888889
"SAPIG1289",0.138888888888889
"SAPIG1291",0.00681431005110733
"SAPIG1292",0.00461361014994233
"SAPIG1294",0.0918367346938776
"SAPIG1299",0.103482587064677
"SAPIG1300",0.161048689138577
"SAPIG1301",0.11965811965812
"SAPIG1303",0.0955794504181601
"SAPIG1304",0.104918032786885
"SAPIG1307",0.0712788259958071
"SAPIG1309",0.0112994350282486
"SAPIG1310",0.002710027100271
"SAPIG1313",0.135265700483092
"SAPIG1314",0.0698924731182796
"SAPIG1322",0.103313840155945
"SAPIG1324",0.0715249662618084
"SAPIG1326",0.0917602996254682
"SAPIG1327",0.104093567251462
"SAPIG1328",0.125211505922166
"SAPIG1329",0.0773680404916847
"SAPIG1330",0.0616705698672912
"SAPIG1333",0.0970149253731343
"SAPIG1335",0.0996563573883162
"SAPIG1336",0.0718050065876153
"SAPIG1338",0.0851851851851852
"SAPIG1340",0.123842592592593
"SAPIG1343",0.05
"SAPIG1347",0.0837789661319073
"SAPIG1348",0.0877887788778878
"SAPIG1350",0.123861566484517
"SAPIG1353",0.10042735042735
"SAPIG1354",0.0572390572390572
"SAPIG1355",0.00328407224958949
"SAPIG1358",0.144421629021218
"SAPIG1359",0.145539906103286
"SAPIG1360",0.234986945169713
"SAPIG1361",0.0178359096313912
"SAPIG1363",0.0152439024390244
"SAPIG1364",0.0529100529100529
"SAPIG1365",0.0886777513855899
"SAPIG1367",0.0910852713178295
"SAPIG1368",0.0788912579957356
"SAPIG1375",0.00316706254948535
"SAPIG1376",0.00476190476190476
"SAPIG1377",0.134114583333333
"SAPIG1379",0.0811965811965812
"SAPIG1380",0.0723514211886305
"SAPIG1381",0.0938628158844765
"SAPIG1390",0.0483870967741935
"SAPIG1392",0.0476190476190476
"SAPIG1393",0.0942571785268414
"SAPIG1394",0.0439469320066335
"SAPIG1398",0.0625
"SAPIG1399",0.0529513888888889
"SAPIG1400",0.0580110497237569
"SAPIG1403",0.131840796019901
"SAPIG1405",0.0776699029126214
"SAPIG1406",0.125925925925926
"SAPIG1407",0.0977564102564103
"SAPIG1410",0.0895601483836778
"SAPIG1411",0.0883838383838384
"SAPIG1413",0.0962962962962963
"SAPIG1416",0.0589970501474926
"SAPIG1417",0.104545454545455
"SAPIG1418",0.113821138211382
"SAPIG1420",0.0901960784313725
"SAPIG1421",0.0637156270959088
"SAPIG1426",0.117857142857143
"SAPIG1429",0.0821917808219178
"SAPIG1430",0.0728888888888889
"SAPIG1432",0.141843971631206
"SAPIG1433",0.0796019900497512
"SAPIG1434",0.0900900900900901
"SAPIG1435",0.069683908045977
"SAPIG1436",0.0808767951625095
"SAPIG1439",0.108077360637088
"SAPIG1440",0.0982272595175821
"SAPIG1441",0.10738255033557
"SAPIG1443",0.0907504363001745
"SAPIG1445",0.00579710144927536
"SAPIG1446",0.0726950354609929
"SAPIG1447",0.111111111111111
"SAPIG1450",0.0201465201465201
"SAPIG1451",0.0994152046783626
"SAPIG1453",0.00291120815138282
"SAPIG1455",0.0883444691907944
"SAPIG1456",0.0113168724279835
"SAPIG1457",0.000831255195344971
"SAPIG1458",0.0655884995507637
"SAPIG1460",0.00429184549356223
"SAPIG1461",0.142857142857143
"SAPIG1462",0.128472222222222
"SAPIG1463",0.0562248995983936
"SAPIG1467",0.0888888888888889
"SAPIG1468",0.00208333333333333
"SAPIG1471",0.00366300366300366
"SAPIG1472",0.0600600600600601
"SAPIG1474",0.0671768707482993
"SAPIG1475",0.0512820512820513
"SAPIG1477",0.116615067079463
"SAPIG1480",0.0116838487972509
"SAPIG1481",0.086231884057971
"SAPIG1482",0.129979035639413
"SAPIG1484",0.111721611721612
"SAPIG1487",0.0804597701149425
"SAPIG1518",0.105791962174941
"SAPIG1522",0.13392200147167
"SAPIG1554",0.0969089390142022
"SAPIG1556",0.0591397849462366
"SAPIG1557",0.0890855457227139
"SAPIG1558",0.00826446280991736
"SAPIG1564",0.00444444444444444
"SAPIG1565",0.0939226519337017
"SAPIG1566",0.1001100110011
"SAPIG1568",0.0939153439153439
"SAPIG1572",0.027681660899654
"SAPIG1573",0.0812121212121212
"SAPIG1574",0.0725490196078431
"SAPIG1575",0.0967741935483871
"SAPIG1577",0.0758377425044092
"SAPIG1578",0.172222222222222
"SAPIG1580",0.105022831050228
"SAPIG1582",0.00304878048780488
"SAPIG1587",0.0510204081632653
"SAPIG1591",0.0661157024793388
"SAPIG1595",0.125235404896422
"SAPIG1598",0.0746089049338147
"SAPIG1599",0.152454780361757
"SAPIG1600",0.0930074677528853
"SAPIG1601",0.0950259836674091
"SAPIG1606",0.071264367816092
"SAPIG1607",0.0865384615384615
"SAPIG1608",0.0971055088702148
"SAPIG1609",0.0666666666666667
"SAPIG1610",0.0961538461538462
"SAPIG1611",0.0696969696969697
"SAPIG1612",0.0810536980749747
"SAPIG1613",0.117647058823529
"SAPIG1614",0.0457650273224044
"SAPIG1617",0.00578034682080925
"SAPIG1619",0.072992700729927
"SAPIG1620",0.03125
"SAPIG1622",0.101010101010101
"SAPIG1623",0.0193021529324425
"SAPIG1624",0.111716621253406
"SAPIG1625",0.00884955752212389
"SAPIG1626",0.002710027100271
"SAPIG1627",0.005
"SAPIG1628",0.151404151404151
"SAPIG1629",0.15650406504065
"SAPIG1636",0.119198312236287
"SAPIG1639",0.0848484848484849
"SAPIG1640",0.137005649717514
"SAPIG1642",0.0675575352635486
"SAPIG1643",0.0929614873837981
"SAPIG1649",0.088
"SAPIG1653",0.115203021718602
"SAPIG1654",0.051948051948052
"SAPIG1655",0.103244837758112
"SAPIG1656",0.0808926080892608
"SAPIG1657",0.115819209039548
"SAPIG1662",0.0036330608537693
"SAPIG1666",0.127490039840637
"SAPIG1667",0.135135135135135
"SAPIG1668",0.0835360908353609
"SAPIG1670",0.0690161527165932
"SAPIG1672",0.076162215628091
"SAPIG1673",0.0993197278911565
"SAPIG1674",0.00419287211740042
"SAPIG1676",0.0953506698187549
"SAPIG1677",0.115800865800866
"SAPIG1678",0.115805946791862
"SAPIG1680",0.00466200466200466
"SAPIG1683",0.0617433414043584
"SAPIG1684",0.0642750373692078
"SAPIG1686",0.00174978127734033
"SAPIG1687",0.124260355029586
"SAPIG1690",0.0969267139479905
"SAPIG1691",0.0886274509803922
"SAPIG1692",0.114987080103359
"SAPIG1697",0.00410958904109589
"SAPIG1700",0.0087719298245614
"SAPIG1706",0.0855263157894737
"SAPIG1707",0.00309358081979892
"SAPIG1714",0.176706827309237
"SAPIG1716",0.165254237288136
"SAPIG1717",0.00471698113207547
"SAPIG1720",0.125382262996942
"SAPIG1726",0.0723039215686275
"SAPIG1731",0.131182795698925
"SAPIG1732",0.00164203612479475
"SAPIG1736",0.00267737617135207
"SAPIG1738",0.00325732899022801
"SAPIG1739",0.000713775874375446
"SAPIG1744",0.0231851007221589
"SAPIG1745",0.206989247311828
"SAPIG1746",0.127361365021328
"SAPIG1747",0.128205128205128
"SAPIG1749",0.0819964349376114
"SAPIG1750",0.117474302496329
"SAPIG1755",0.130081300813008
"SAPIG1756",0.00156347717323327
"SAPIG1757",0.00318471337579618
"SAPIG1758",0.133179368745189
"SAPIG1759",0.0966183574879227
"SAPIG1760",0.0942028985507246
"SAPIG1761",0.113636363636364
"SAPIG1765",0.0274261603375527
"SAPIG1766",0.0727272727272727
"SAPIG1767",0.12970168612192
"SAPIG1769",0.0925449871465296
"SAPIG1771",0.113978494623656
"SAPIG1773",0.122311827956989
"SAPIG1774",0.0559284116331096
"SAPIG1775",0.0930232558139535
"SAPIG1777",0.102564102564103
"SAPIG1779",0.00161812297734628
"SAPIG1780",0.123137254901961
"SAPIG1782",0.150110375275938
"SAPIG1783",0.0699404761904762
"SAPIG1785",0.0814294083186878
"SAPIG1786",0.0584518167456556
"SAPIG1787",0.101709401709402
"SAPIG1791",0.0628140703517588
"SAPIG1794",0.0358169934640523
"SAPIG1798",0.122562674094708
"SAPIG1799",0.0984126984126984
"SAPIG1800",0.104389086595492
"SAPIG1802",0.0113636363636364
"SAPIG1804",0.126241134751773
"SAPIG1805",0.0945626477541371
"SAPIG1806",0.136494252873563
"SAPIG1807",0.00300842358604091
"SAPIG1808",0.117415287628054
"SAPIG1809",0.100931439914491
"SAPIG1812",0.134733158355206
"SAPIG1813",0.106918238993711
"SAPIG1814",0.134751773049645
"SAPIG1815",0.0995024875621891
"SAPIG1816",0.0241545893719807
"SAPIG1818",0.100798403193613
"SAPIG1820",0.0998307952622673
"SAPIG1823",0.119760479041916
"SAPIG1824",0.140757927300851
"SAPIG1825",0.24327485380117
"SAPIG1826",0.106666666666667
"SAPIG1827",0.134790528233151
"SAPIG1832",0.102240896358543
"SAPIG1836",0.0671462829736211
"SAPIG1837",0.0506050605060506
"SAPIG1840",0.0739299610894942
"SAPIG1845",0.151138716356108
"SAPIG1868",0.0552208835341365
"SAPIG1869",0.0669856459330144
"SAPIG1870",0.0956521739130435
"SAPIG1871",0.113438045375218
"SAPIG1874",0.106770833333333
"SAPIG1896",0.145945945945946
"SAPIG1900",0.0535714285714286
"SAPIG1901",0.165032679738562
"SAPIG1903",0.0803782505910166
"SAPIG1904",0.040983606557377
"SAPIG1906",0.0716845878136201
"SAPIG1908",0.00318471337579618
"SAPIG1909",0.0657133129043241
"SAPIG1910",0.075187969924812
"SAPIG1912",0.116444444444444
"SAPIG1913",0.0236559139784946
"SAPIG1915",0.106918238993711
"SAPIG1916",0.0754257907542579
"SAPIG1918",0.164141414141414
"SAPIG1921",0.0870488322717622
"SAPIG1922",0.0806737588652482
"SAPIG1923",0.0809327846364883
"SAPIG1924",0.0829903978052126
"SAPIG1925",0.044256120527307
"SAPIG1954",0.0357941834451902
"SAPIG1955",0.145110410094637
"SAPIG1956",0.140350877192982
"SAPIG1958",0.145724258289703
"SAPIG1959",0.109383995394358
"SAPIG1962",0.0961145194274029
"SAPIG1963",0.123058542413381
"SAPIG1964",0.0816864295125165
"SAPIG1965",0.0952380952380952
"SAPIG1966",0.0231990231990232
"SAPIG1967",0.166666666666667
"SAPIG1969",0.154320987654321
"SAPIG1970",0.0364583333333333
"SAPIG1971",0.120527306967985
"SAPIG1972",0.124198717948718
"SAPIG1973",0.114427860696517
"SAPIG1974",0.105376344086022
"SAPIG1976",0.150246305418719
"SAPIG1977",0.107936507936508
"SAPIG1978",0.0718390804597701
"SAPIG1979",0.111111111111111
"SAPIG1980",0.136950904392765
"SAPIG1982",0.108409321175279
"SAPIG1983",0.101545253863135
"SAPIG1984",0.00273224043715847
"SAPIG1985",0.00228310502283105
"SAPIG1987",0.118918918918919
"SAPIG1993",0.00140056022408964
"SAPIG1994",0.00137174211248285
"SAPIG1997",0.0125
"SAPIG2000",0.075036075036075
"SAPIG2003",0.129391602399314
"SAPIG2006",0.117744610281924
"SAPIG2009",0.108635097493036
"SAPIG2010",0.110691823899371
"SAPIG2011",0.0959692898272553
"SAPIG2012",0.115664845173042
"SAPIG2013",0.135472370766488
"SAPIG2014",0.00537634408602151
"SAPIG2015",0.101449275362319
"SAPIG2016",0.0233236151603499
"SAPIG2027",0.137931034482759
"SAPIG2028",0.107588856868396
"SAPIG2048",0.125448028673835
"SAPIG2049",0.0895238095238095
"SAPIG2050",0.0797872340425532
"SAPIG2051",0.201079622132254
"SAPIG2052",0.163802978235968
"SAPIG2053",0.196769456681351
"SAPIG2057",0.0955710955710956
"SAPIG2060",0.0953785644051131
"SAPIG2061",0.0795454545454545
"SAPIG2062",0.0947712418300654
"SAPIG2063",0.188837920489297
"SAPIG2068",0.146505376344086
"SAPIG2070",0.0845295055821372
"SAPIG2071",0.129770992366412
"SAPIG2073",0.156140350877193
"SAPIG2076",0.111576011157601
"SAPIG2077",0.09375
"SAPIG2078",0.0262626262626263
"SAPIG2079",0.109358569926393
"SAPIG2083",0.106481481481481
"SAPIG2084",0.020440251572327
"SAPIG2085",0.0819077242094349
"SAPIG2087",0.129733085040348
"SAPIG2088",0.00682261208576998
"SAPIG2090",0.00301659125188537
"SAPIG2091",0.00216450216450216
"SAPIG2094",0.0823529411764706
"SAPIG2104",0.100883310088331
"SAPIG2107",0.0764525993883792
"SAPIG2108",0.0429141716566866
"SAPIG2109",0.068870523415978
"SAPIG2114",0.140684410646388
"SAPIG2115",0.166666666666667
"SAPIG2120",0.126410835214447
"SAPIG2121",0.109195402298851
"SAPIG2122",0.0184089414858646
"SAPIG2123",0.0051622418879056
"SAPIG2124",0.00186741363211951
"SAPIG2125",0.0108063175394846
"SAPIG2127",0.128571428571429
"SAPIG2128",0.105442176870748
"SAPIG2129",0.243097643097643
"SAPIG2130",0.100308641975309
"SAPIG2133",0.00572737686139748
"SAPIG2135",0.0934343434343434
"SAPIG2137",0.101449275362319
"SAPIG2139",0.0782828282828283
"SAPIG2143",0.188034188034188
"SAPIG2153",0.0292553191489362
"SAPIG2156",0.0914285714285714
"SAPIG2157",0.128571428571429
"SAPIG2158",0.000955109837631328
"SAPIG2164",0.107843137254902
"SAPIG2168",0.155172413793103
"SAPIG2171",0.123112659698026
"SAPIG2173",0.0729166666666667
"SAPIG2174",0.085427135678392
"SAPIG2175",0.0894514767932489
"SAPIG2178",0.0990783410138249
"SAPIG2182",0.132850241545894
"SAPIG2183",0.10844250363901
"SAPIG2184",0.164502164502165
"SAPIG2186",0.0945945945945946
"SAPIG2187",0.118380062305296
"SAPIG2188",0.130479102956167
"SAPIG2189",0.129120879120879
"SAPIG2192",0.0944055944055944
"SAPIG2193",0.0945083014048531
"SAPIG2210",0.0890188434048083
"SAPIG2211",0.0919003115264797
"SAPIG2213",0.0781609195402299
"SAPIG2214",0.116531165311653
"SAPIG2215",0.0790546047269764
"SAPIG2226",0.114553990610329
"SAPIG2227",0.153526970954357
"SAPIG2228",0.111111111111111
"SAPIG2229",0.135416666666667
"SAPIG2230",0.158660844250364
"SAPIG2231",0.136363636363636
"SAPIG2232",0.155038759689922
"SAPIG2233",0.0919540229885057
"SAPIG2234",0.12764405543399
"SAPIG2235",0.163054695562436
"SAPIG2236",0.14437984496124
"SAPIG2237",0.108739837398374
"SAPIG2238",0.140989729225023
"SAPIG2239",0.0978384527872583
"SAPIG2240",0.13776493256262
"SAPIG2241",0.129994941831057
"SAPIG2245",0.137555982085733
"SAPIG2246",0.143849206349206
"SAPIG2247",0.117764471057884
"SAPIG2248",0.114942528735632
"SAPIG2250",0.107413893753649
"SAPIG2256",0.125661375661376
"SAPIG2257",0.128415300546448
"SAPIG2260",0.122497055359246
"SAPIG2261",0.0959232613908873
"SAPIG2262",0.0991769547325103
"SAPIG2265",0.130170316301703
"SAPIG2273",0.0508054522924411
"SAPIG2274",0.0452961672473868
"SAPIG2275",0.0382716049382716
"SAPIG2282",0.00308641975308642
"SAPIG2283",0.00154679040989946
"SAPIG2288",0.00186219739292365
"SAPIG2305",0.207692307692308
"SAPIG2306",0.11685393258427
"SAPIG2307",0.11376404494382
"SAPIG2308",0.14527027027027
"SAPIG2309",0.105324074074074
"SAPIG2310",0.151024811218986
"SAPIG2311",0.139393939393939
"SAPIG2313",0.102588383838384
"SAPIG2314",0.0023696682464455
"SAPIG2315",0.111111111111111
"SAPIG2316",0.131519274376417
"SAPIG2317",0.165841584158416
"SAPIG2320",0.115
"SAPIG2324",0.11984126984127
"SAPIG2326",0.0927021696252465
"SAPIG2327",0.0965174129353234
"SAPIG2328",0.118811881188119
"SAPIG2332",0.154345006485084
"SAPIG2333",0.124324324324324
"SAPIG2334",0.0934182590233546
"SAPIG2335",0.111111111111111
"SAPIG2336",0.110822510822511
"SAPIG2342",0.133333333333333
"SAPIG2346",0.186544342507645
"SAPIG2347",0.15994623655914
"SAPIG2352",0.123730378578024
"SAPIG2353",0.141843971631206
"SAPIG2354",0.171656686626747
"SAPIG2355",0.116352201257862
"SAPIG2356",0.136
"SAPIG2357",0.0823680823680824
"SAPIG2360",0.105245346869712
"SAPIG2361",0.114978902953586
"SAPIG2362",0.130325814536341
"SAPIG2364",0.18970189701897
"SAPIG2366",0.209621993127148
"SAPIG2367",0.0702898550724638
"SAPIG2368",0.109243697478992
"SAPIG2371",0.165094339622642
"SAPIG2372",0.154022988505747
"SAPIG2373",0.109227871939736
"SAPIG2374",0.11588785046729
"SAPIG2375",0.147712418300654
"SAPIG2376",0.0788954635108481
"SAPIG2377",0.107551487414188
"SAPIG2379",0.174520069808028
"SAPIG2380",0.0952380952380952
"SAPIG2381",0.0918003565062389
"SAPIG2384",0.107344632768362
"SAPIG2389",0.140672782874618
"SAPIG2391",0.149019607843137
"SAPIG2393",0.13463098134631
"SAPIG2394",0.107777777777778
"SAPIG2395",0.165123456790123
"SAPIG2396",0.129720853858785
"SAPIG2399",0.178270042194093
"SAPIG2400",0.150406504065041
"SAPIG2403",0.0923317683881064
"SAPIG2404",0.121635610766046
"SAPIG2405",0.141975308641975
"SAPIG2406",0.190990990990991
"SAPIG2408",0.126550868486352
"SAPIG2409",0.108459869848156
"SAPIG2410",0.160087719298246
"SAPIG2411",0.218782249742002
"SAPIG2412",0.0600600600600601
"SAPIG2413",0.125
"SAPIG2414",0.112592592592593
"SAPIG2415",0.11863173216885
"SAPIG2416",0.157657657657658
"SAPIG2417",0.0921052631578947
"SAPIG2419",0.133208255159475
"SAPIG2420",0.136175251628182
"SAPIG2422",0.13015873015873
"SAPIG2423",0.106589147286822
"SAPIG2424",0.129894937917861
"SAPIG2426",0.1256038647343
"SAPIG2428",0.0972222222222222
"SAPIG2429",0.123630672926448
"SAPIG2430",0.134615384615385
"SAPIG2431",0.126984126984127
"SAPIG2432",0.0859320859320859
"SAPIG2433",0.0989583333333333
"SAPIG2434",0.171889838556505
"SAPIG2435",0.189125295508274
"SAPIG2436",0.0896358543417367
"SAPIG2437",0.0891566265060241
"SAPIG2438",0.122950819672131
"SAPIG2439",0.0760626398210291
"SAPIG2440",0.15296803652968
"SAPIG2441",0.134188034188034
"SAPIG2442",0.12568306010929
"SAPIG2443",0.121457489878543
"SAPIG2444",0.12106135986733
"SAPIG2445",0.119806763285024
"SAPIG2450",0.0926829268292683
"SAPIG2454",0.114209827357238
"SAPIG2455",0.11731843575419
"SAPIG2456",0.105454545454545
"SAPIG2458",0.0918803418803419
"SAPIG2459",0.0497416020671835
"SAPIG2460",0.0833333333333333
"SAPIG2461",0.159779614325069
"SAPIG2462",0.127098321342926
"SAPIG2463",0.00546448087431694
"SAPIG2464",0.0111111111111111
"SAPIG2465",0.0102564102564103
"SAPIG2466",0.122222222222222
"SAPIG2467",0.147016011644833
"SAPIG2468",0.113033448673587
"SAPIG2470",0.140350877192982
"SAPIG2471",0.113871635610766
"SAPIG2473",0.114978902953586
"SAPIG2474",0.116564417177914
"SAPIG2475",0.192307692307692
"SAPIG2476",0.12987012987013
"SAPIG2481",0.149365628604383
"SAPIG2482",0.125850340136054
"SAPIG2483",0.162790697674419
"SAPIG2484",0.117235345581802
"SAPIG2485",0.136363636363636
"SAPIG2486",0.127062706270627
"SAPIG2488",0.0508771929824561
"SAPIG2489",0.0978934324659232
"SAPIG2490",0.124822695035461
"SAPIG2491",0.116402116402116
"SAPIG2492",0.142622950819672
"SAPIG2493",0.124
"SAPIG2494",0.109154929577465
"SAPIG2496",0.0813704496788009
"SAPIG2497",0.133620689655172
"SAPIG2498",0.134819532908705
"SAPIG2499",0.166666666666667
"SAPIG2500",0.119804400977995
"SAPIG2502",0.130081300813008
"SAPIG2503",0.13418336369156
"SAPIG2504",0.105691056910569
"SAPIG2505",0.117845117845118
"SAPIG2506",0.122265122265122
"SAPIG2508",0.11142061281337
"SAPIG2509",0.133771929824561
"SAPIG2510",0.123574144486692
"SAPIG2511",0.175368139223561
"SAPIG2512",0.141541038525963
"SAPIG2513",0.108465608465608
"SAPIG2514",0.123774509803922
"SAPIG2515",0.124137931034483
"SAPIG2516",0.139957264957265
"SAPIG2518",0.0844854070660522
"SAPIG2519",0.126984126984127
"SAPIG2520",0.12043795620438
"SAPIG2521",0.129476584022039
"SAPIG2522",0.0903540903540904
"SAPIG2523",0.125406107862248
"SAPIG2524",0.118203309692671
"SAPIG2526",0.155717761557178
"SAPIG2538",0.109375
"SAPIG2547",0.00488400488400488
"SAPIG2553",0.10251256281407
"SAPIG2555",0.108167770419426
"SAPIG2558",0.138562091503268
"SAPIG2559",0.155844155844156
"SAPIG2561",0.135964912280702
"SAPIG2562",0.142410015649452
"SAPIG2563",0.148692810457516
"SAPIG2564",0.195876288659794
"SAPIG2565",0.113247863247863
"SAPIG2566",0.0933908045977011
"SAPIG2567",0.137483787289235
"SAPIG2569",0.126851851851852
"SAPIG2570",0.0942760942760943
"SAPIG2571",0.101135190918473
"SAPIG2572",0.0367816091954023
"SAPIG2574",0.0855018587360595
"SAPIG2575",0.0952380952380952
"SAPIG2576",0.0986908358509567
"SAPIG2577",0.111111111111111
"SAPIG2578",0.177133655394525
"SAPIG2579",0.158536585365854
"SAPIG2583",0.155172413793103
"SAPIG2584",0.112189859762675
"SAPIG2585",0.0804953560371517
"SAPIG2587",0.0997566909975669
"SAPIG2589",0.139080459770115
"SAPIG2590",0.131884057971014
"SAPIG2591",0.148989898989899
"SAPIG2592",0.142207053469852
"SAPIG2594",0.168981481481481
"SAPIG2595",0.00234192037470726
"SAPIG2596",0.00171379605826907
"SAPIG2598",0.0531057373162636
"SAPIG2602",0.128112449799197
"SAPIG2603",0.105646630236794
"SAPIG2605",0.0964401294498382
"SAPIG2607",0.114583333333333
"SAPIG2608",0.0917393109173931
"SAPIG2609",0.106280193236715
"SAPIG2610",0.119119119119119
"SAPIG2611",0.117748917748918
"SAPIG2612",0.113320079522863
"SAPIG2613",0.140046296296296
"SAPIG2614",0.13563829787234
"SAPIG2615",0.161311914323963
"SAPIG2616",0.192771084337349
"SAPIG2617",0.166666666666667
"SAPIG2618",0.162251655629139
"SAPIG2620",0.115530303030303
"SAPIG2621",0.191176470588235
"SAPIG2622",0.134353741496599
"SAPIG2624",0.12987012987013
"SAPIG2626",0.131386861313869
"SAPIG2628",0.0949820788530466
"SAPIG2629",0.120567375886525
"SAPIG2630",0.126607319485658
"SAPIG2631",0.0974729241877256
"SAPIG2632",0.114478114478114
"SAPIG2633",0.137211036539896
"SAPIG2634",0.121951219512195
"SAPIG2635",0.0841750841750842
"SAPIG2636",0.105691056910569
"SAPIG2638",0.108419838523645
"SAPIG2641",0.134163208852006
"SAPIG2642",0.12
"SAPIG2643",0.146258503401361
"SAPIG2644",0.095068330362448
"SAPIG2650",0.110416666666667
"SAPIG2651",0.143547273982057
"SAPIG2652",0.127055306427504
"SAPIG2654",0.109988776655443
"SAPIG2656",0.101313320825516
"SAPIG2657",0.154166666666667
"SAPIG2658",0.103286384976526
"SAPIG2661",0.0617283950617284
"SAPIG2662",0.123228589032656
"SAPIG2665",0.133479212253829
"SAPIG2668",0.124933545986178
"SAPIG2669",0.118473895582329
"SAPIG2671",0.140929535232384
"SAPIG2672",0.0833333333333333
"SAPIG2673",0.129504504504505
"SAPIG2674",0.144144144144144
"SAPIG2675",0.119402985074627
"SAPIG2676",0.0912280701754386
"SAPIG2678",0.127296587926509
"SAPIG2681",0.154609929078014
"SAPIG2683",0.157931516422082
"SAPIG2686",0.18
"SAPIG2687",0.1
"SAPIG2688",0.138257575757576
"SAPIG2690",0.1264
"SAPIG2691",0.102918586789555
"SAPIG2693",0.0922199865861838
"SAPIG2694",0.121505376344086
"SAPIG2696",0.104430379746835
"SAPIG2697",0.119941133186166
"SAPIG2698",0.129887342611001
"SAPIG2699",0.1267252195734
"SAPIG2700",0.10625
"SAPIG2701",0.110261312938177
"SAPIG2702",0.116473616473616
"SAPIG2703",0.171617161716172
"SAPIG2711",0.119281045751634
"SAPIG2712",0.106918238993711
"SAPIG2713",0.0898203592814371
"SAPIG2714",0.109375
"SAPIG2715",0.115440115440115
"SAPIG2716",0.131221719457014
"SAPIG2717",0.131907308377897
"SAPIG2718",0.129380053908356
"SAPIG2719",0.0882016036655212
"SAPIG2720",0.196581196581197
"SAPIG2721",0.0894428152492669
"SAPIG2728",0.109467455621302
"SAPIG2731",0.0964590964590965
"SAPIG2732",0.110222222222222
"SAPIG2733",0.0949612403100775
"SAPIG2734",0.0960960960960961
"SAPIG2735",0.111807732497388
"SAPIG2737",0.1484375
"SAPIG2739",0.113978494623656
"SAPIG2741",0.105708245243129
"SAPIG2743",0.114583333333333
"SAPIG2745",0.0998751560549313
"SAPIG2746",0.105263157894737
"SAPIG2747",0.08300395256917
"SAPIG2748",0.124401913875598
"SAPIG2749",0.119791666666667
"SAPIG2751",0.131578947368421
"SAPIG2752",0.111111111111111
"SAPIG2753",0.115819209039548
"SAPIG2754",0.00476190476190476
