gene,status,insdens
G1,0,0.1875
G2,1,0.050877193
G3,1,0.022374429
G4,0,0.109004739
G5,1,0.021538462
G6,0,0.206971678
G7,1,0.042918455
G8,0,0.221532091
G9,1,0.079439252
G10,0,0.102272727
G11,1,0.062271062
G12,0,0.098290598
G13,1,0.022675737
G14,0,0.209426074
G15,1,0.085858586
G16,0,0.035460993
G17,1,0.062146893
G18,0,0.088435374
G19,1,0.024539877
G20,0,0.360784314
G21,1,0.044176707
G22,0,0.411020777
G23,1,0.015518312
G24,0,0.08637379
G25,1,0.072595971
G26,0,0.31132917
G27,1,0.008379888
G28,0,0.075709779
G29,1,0.016908213
G30,0,0.278622087
G31,1,0.081632653
G32,0,0.312138728
G33,1,0.021194605
G34,0,0.287790698
G35,1,0.052287582
G36,0,0.073170732
G37,1,0.020634921
G38,0,0.25974026
G39,1,0.065891473
G40,0,0.285964912
G41,1,0.036231884
G42,0,0.089430894
G43,1,0.06959707
G44,0,0.103130755
G45,1,0.116878124
G46,1,0.031831832
G47,0,0.21978022
G48,1,0.059947299
G49,0,0.056818182
G50,1,0.050469484
G51,0,0.085545723
G52,1,0.079457364
G53,0,0.055813953
G54,1,0.059701493
G55,0,0.101532567
G56,1,0.020942408
G57,1,0.013048636
G58,1,0.015625
G59,0,0.251572327
G60,1,0.040123457
G61,0,0.119413919
G62,1,0.028697572
G63,0,0.252747253
G64,1,0.047866205
G65,1,0.060096154
G66,0,0.239935588
G67,1,0.059139785
G68,1,0.056719023
G69,0,0.093862816
G70,1,0.15210356
G71,1,0.038461538
G72,1,0.007843137
G73,0,0.161649944
G74,1,0.067567568
G75,0,0.042222222
G76,1,0.131944444
G77,0,0.126666667
G78,1,0.032608696
G79,0,0.359333333
G80,1,0.018475751
G81,0,0.274509804
G82,1,0.020325203
G83,0,0.214659686
G84,1,0.010152284
G85,0,0.310861423
G86,1,0.068027211
G87,1,0.01744186
G88,0,0.186234818
G89,1,0.015815085
G90,0,0.113513514
G91,1,0.006006006
G92,0,0.316205534
G93,1,0.020325203
G94,0,0.137656428
G95,1,0.027210884
G96,0,0.22675737
G97,1,0.093495935
G98,0,0.200757576
G99,1,0.025
G100,0,0.24969475
G101,1,0.058590657
G102,1,0.087315634
G103,1,0.012288786
G104,0,0.109103079
G105,1,0.052631579
G106,1,0.009633911
G107,1,0.047832586
G108,0,0.026785714
G109,1,0.066666667
G110,0,0.19600939
G111,1,0.027797244
G112,1,0.013950073
G113,1,0.010050251
G114,0,0.031746032
G115,1,0.013544018
G116,1,0.006535948
G117,1,0.032482599
G118,0,0.205450734
G119,1,0.049113233
G120,0,0.222222222
G121,1,0.015625
G122,1,0.018404908
G123,1,0.018181818
G124,1,0.013661202
G125,0,0.051612903
G126,1,0.026422764
G127,1,0.06372549
G128,1,0.120478575
G129,0,0.14084507
G130,1,0.066115702
G131,1,0.087349398
G132,0,0.184981685
G133,1,0.035755479
G134,0,0.140703518
G135,1,0.075925926
G136,1,0.053956835
G137,1,0.026556777
G138,0,0.22983871
G139,1,0.016877637
G140,0,0.092907801
G141,1,0.017094017
G142,1,0.004662005
G143,0,0.123076923
G144,1,0.043859649
G145,0,0.06712963
G146,1,0.066493955
G147,0,0.083874459
G148,1,0.063348416
G149,0,0.202702703
G150,1,0.046511628
G151,0,0.104885057
G152,1,0.015765766
G153,0,0.056910569
G154,1,0.070422535
G155,1,0.062552477
G156,1,0.147582697
G157,0,0.217948718
G158,1,0.025745257
G159,0,0.179553265
G160,1,0.01897019
G161,1,0.037348273
G162,0,0.086904762
G163,1,0.085144928
G164,0,0.36984127
G165,1,0.05893186
G166,1,0.035353535
G167,1,0.045958796
G168,0,0.104166667
G169,1,0.104166667
G170,0,0.09255079
G171,1,0.033333333
G172,1,0.019067797
G173,1,0.013692162
G174,0,0.272327044
G175,1,0.045977011
G176,0,0.10522443
G177,1,0.00877193
G178,0,0.118264187
G179,1,0.158854167
G180,0,0.235897436
G181,1,0.032407407
G182,0,0.206935123
G183,1,0.06042885
G184,1,0.01875
G185,0,0.09009009
G186,1,0.071895425
G187,1,0.072368421
G188,1,0.077956989
G189,0,0.048309179
G190,1,0.018518519
G191,0,0.215498938
G192,1,0.057224607
G193,0,0.087628866
G194,1,0.106761566
G195,1,0.088762984
G196,0,0.115107914
G197,1,0.1197411
G198,0,0.06402439
G199,1,0.091666667
G200,0,0.061403509
G201,1,0.021696252
G202,0,0.138541667
G203,1,0.019125683
G204,0,0.17587477
G205,1,0.012
G206,0,0.064814815
G207,1,0.054054054
G208,1,0.017615176
G209,1,0.05758427
G210,1,0.058823529
G211,0,0.072463768
G212,1,0.056980057
G213,0,0.085285285
G214,1,0.070015221
G215,1,0.019417476
G216,0,0.096354167
G217,1,0.029878618
G218,0,0.235555556
G219,1,0.060897436
G220,0,0.272727273
G221,1,0.010526316
G222,0,0.104868914
G223,1,0.018248175
G224,1,0.012891344
G225,0,0.233038348
G226,1,0.016528926
G227,1,0.024096386
G228,1,0.022038567
G229,0,0.077403246
G230,1,0.006265664
G231,0,0.08357075
G232,1,0.043513957
G233,0,0.186342593
G234,1,0.012519562
G235,1,0.013978495
G236,0,0.219178082
G237,1,0.019900498
G238,0,0.359375
G239,1,0.059701493
G240,0,0.206716212
G241,1,0.019900498
G242,0,0.070692884
G243,1,0.021341463
G244,1,0.040838852
G245,1,0.068206821
G246,1,0.01901566
G247,0,0.271043771
G248,1,0.010948905
G249,0,0.034013605
G250,1,0.017283951
G251,0,0.279693487
G252,1,0.021671827
G253,0,0.323943662
G254,1,0.004694836
G255,1,0.06182122
G256,1,0.072829132
G257,0,0.089201878
G258,1,0.039215686
G259,0,0.30625
G260,1,0.047916667
G261,1,0.02688172
G262,1,0.005376344
G263,0,0.065738592
G264,1,0.057613169
G265,1,0.059737157
G266,0,0.1004329
G267,1,0.031425365
G268,0,0.25462963
G269,1,0.019298246
G270,0,0.285861713
G271,1,0.007407407
G272,0,0.118601748
G273,1,0.127039627
G274,0,0.087145969
G275,1,0.013919414
G276,0,0.03015873
G277,1,0.024980484
G278,0,0.067854114
G279,1,0.026365348
G280,0,0.111111111
G281,1,0.033333333
G282,0,0.309811828
G283,1,0.02342918
G284,1,0.114263199
G285,1,0.014184397
G286,0,0.089089089
G287,1,0.057803468
G288,1,0.014285714
G289,1,0.022849462
G290,1,0.077109897
G291,1,0.006944444
G292,0,0.241071429
G293,1,0.025415445
G294,0,0.226223453
G295,1,0.057777778
G296,0,0.143459916
G297,1,0.035759898
G298,0,0.064912281
G299,1,0.022072578
G300,1,0.03117506
G301,0,0.155913978
G302,1,0.024242424
G303,0,0.116959064
G304,1,0.0155521
G305,0,0.07037037
G306,1,0.069143447
G307,0,0.229071537
G308,1,0.054794521
G309,0,0.100401606
G310,1,0.021312873
G311,0,0.081481481
G312,1,0.043137255
G313,0,0.111801242
G314,1,0.041794088
G315,0,0.219114219
G316,1,0.031007752
G317,1,0.022503516
G318,0,0.233243968
G319,1,0.058902276
G320,0,0.280334728
G321,1,0.047770701
G322,0,0.075193798
G323,1,0.057057057
G324,0,0.049868766
G325,1,0.016620499
G326,0,0.371610845
G327,1,0.05982906
G328,0,0.100917431
G329,1,0.01592719
G330,1,0.055460263
G331,0,0.304761905
G332,1,0.038961039
G333,0,0.044117647
G334,1,0.022038567
G335,0,0.053231939
G336,1,0.141062802
G337,0,0.126797386
G338,1,0.033065237
G339,0,0.200589971
G340,0,0.239451477
G341,0,0.257270694
G342,0,0.072810011
G343,0,0.058165548
G344,0,0.096707819
G345,0,0.107899807
G346,0,0.217948718
G347,0,0.319088319
G348,0,0.042553191
G349,0,0.074626866
G350,0,0.0604782
G351,0,0.065616798
G352,0,0.203787879
G353,0,0.035658915
G354,0,0.239687848
G355,0,0.083511777
G356,0,0.080527086
G357,0,0.242424242
G358,0,0.111380145
G359,0,0.114754098
G360,0,0.068217054
G361,0,0.09275155
G362,0,0.259587021
G363,0,0.070351759
G364,0,0.330516432
G365,0,0.10652921
G366,0,0.081453634
G367,0,0.116838488
G368,0,0.081174439
G369,0,0.18128655
G370,0,0.1144094
G371,0,0.271948608
G372,0,0.32345679
G373,0,0.076788831
G374,0,0.262103506
G375,0,0.118473896
G376,0,0.251851852
G377,0,0.063670412
G378,0,0.052039381
G379,0,0.097729116
G380,0,0.201877934
G381,0,0.223602484
G382,0,0.100877193
G383,0,0.203703704
G384,0,0.215932914
G385,0,0.08401084
G386,0,0.076923077
G387,0,0.278327833
G388,0,0.123188406
G389,0,0.41165234
G390,0,0.070175439
G391,0,0.101449275
G392,0,0.17816092
G393,0,0.256637168
G394,0,0.297297297
G395,0,0.07852194
G396,0,0.32248062
G397,0,0.295698925
G398,0,0.202614379
G399,0,0.30982906
G400,0,0.075715605
G401,0,0.250980392
G402,0,0.071895425
G403,0,0.111111111
G404,0,0.061191626
G405,0,0.068066158
G406,0,0.090128755
G407,0,0.036630037
G408,0,0.559370529
G409,0,0.218150087
G410,0,0.050778051
G411,0,0.41543514
G412,0,0.095447871
G413,0,0.220833333
G414,0,0.124724062
G415,0,0.115176152
G416,0,0.026666667
G417,0,0.070422535
G418,0,0.22705314
G419,0,0.111111111
G420,0,0.410348977
G421,0,0.041775457
G422,0,0.061403509
G423,0,0.244174265
G424,0,0.199411332
G425,0,0.366482505
G426,0,0.137931034
G427,0,0.064516129
G428,0,0.391598916
G429,0,0.077858881
G430,0,0.228710462
G431,0,0.089159068
G432,0,0.258799172
G433,0,0.07150368
G434,0,0.11560394
G435,0,0.100823045
G436,0,0.09372237
G437,0,0.273631841
G438,0,0.201342282
G439,0,0.187853107
G440,0,0.171980676
G441,0,0.237547893
G442,0,0.221212121
G443,0,0.224332508
G444,0,0.223684211
G445,0,0.021969697
G446,0,0.100250627
G447,0,0.065315315
G448,0,0.115767045
G449,0,0.248366013
G450,0,0.261261261
G451,0,0.231481481
G452,0,0.22122571
G453,0,0.148148148
G454,0,0.077944862
G455,0,0.073693231
G456,0,0.172222222
G457,0,0.323869611
G458,0,0.189435337
G459,0,0.08
G460,0,0.111111111
G461,0,0.199004975
G462,0,0.092002831
G463,0,0.068211068
G464,0,0.091397849
G465,0,0.190972222
G466,0,0.074074074
G467,0,0.217710096
G468,0,0.054901961
G469,0,0.111461619
G470,0,0.058404558
G471,0,0.023870418
G472,0,0.227336123
G473,0,0.267932489
G474,0,0.236956522
G475,0,0.061261261
G476,0,0.248366013
G477,0,0.299781182
G478,0,0.255474453
G479,0,0.070393375
G480,0,0.148463357
G481,0,0.077834179
G482,0,0.103535354
G483,0,0.026315789
G484,0,0.049673203
G485,0,0.069651741
G486,0,0.189132706
G487,0,0.106227106
G488,0,0.047289504
G489,0,0.416091954
G490,0,0.079526227
G491,0,0.170634921
G492,0,0.220797721
G493,0,0.213768116
G494,0,0.293986637
G495,0,0.359084406
G496,0,0.106598985
G497,0,0.291508238
G498,0,0.116531165
G499,0,0.065656566
G500,0,0.265503876
G501,0,0.068421053
G502,0,0.087719298
G503,0,0.325639116
G504,0,0.278201866
G505,0,0.089780325
G506,0,0.33033033
G507,0,0.577854671
G508,0,0.097461097
G509,0,0.092592593
G510,0,0.272108844
G511,0,0.088319088
G512,0,0.202702703
G513,0,0.102022867
G514,0,0.398268398
G515,0,0.072796935
G516,0,0.224806202
G517,0,0.239316239
G518,0,0.092481703
G519,0,0.212560386
G520,0,0.050044683
G521,0,0.105413105
G522,0,0.061579652
G523,0,0.061355311
G524,0,0.04
G525,0,0.270655271
G526,0,0.399246704
G527,0,0.20278503
G528,0,0.099247091
G529,0,0.086666667
G530,0,0.20009095
G531,0,0.251060221
G532,0,0.08744856
G533,0,0.40513834
G534,0,0.239035088
G535,0,0.060130719
G536,0,0.07425343
G537,0,0.066115702
G538,0,0.083333333
G539,0,0.37751004
G540,0,0.175637394
G541,0,0.268552991
G542,0,0.038690476
G543,0,0.239316239
G544,0,0.11965812
G545,0,0.053406998
G546,0,0.110677083
G547,0,0.174603175
G548,0,0.215517241
G549,0,0.210559796
G550,0,0.116104869
G551,0,0.121993127
G552,0,0.270308123
G553,0,0.103229527
G554,0,0.076604555
G555,0,0.317931793
G556,0,0.383219955
G557,0,0.351598174
G558,0,0.113095238
G559,0,0.197802198
G560,0,0.167682927
G561,0,0.091240876
G562,0,0.104166667
G563,0,0.272108844
G564,0,0.298076923
G565,0,0.117424242
G566,0,0.062666667
G567,0,0.087719298
G568,0,0.100671141
G569,0,0.100378788
G570,0,0.371212121
G571,0,0.065359477
G572,0,0.08627451
G573,0,0.655367232
G574,0,0.180952381
G575,0,0.206683168
G576,0,0.051359517
G577,0,0.059259259
G578,0,0.170760234
G579,0,0.095070423
G580,0,0.050595238
G581,0,0.427007299
G582,0,0.253900709
G583,0,0.260273973
G584,0,0.220430108
G585,0,0.108176101
G586,0,0.260627731
G587,0,0.185185185
G588,0,0.073737374
G589,0,0.299036091
G590,0,0.092957746
G591,0,0.196347032
G592,0,0.109704641
G593,0,0.219373219
G594,0,0.055404178
G595,0,0.312883436
G596,0,0.081570997
G597,0,0.196581197
G598,0,0.341463415
G599,0,0.247814519
G600,0,0.312540611
G601,0,0.130434783
G602,0,0.408099688
G603,0,0.254966887
G604,0,0.065243179
G605,0,0.224913495
G606,0,0.058608059
G607,0,0.28115942
G608,0,0.160934744
G609,0,0.04719764
G610,0,0.3014862
G611,0,0.306853583
G612,0,0.034578147
G613,0,0.206924316
G614,0,0.362612613
G615,0,0.221915285
G616,0,0.17287234
G617,0,0.053445851
G618,0,0.211934156
G619,0,0.116615067
G620,0,0.088452088
G621,0,0.08962963
G622,0,0.359307359
G623,0,0.080536913
G624,0,0.270833333
G625,0,0.070063694
G626,0,0.090710383
G627,0,0.049531459
G628,0,0.236587511
G629,0,0.099085366
G630,0,0.052130898
G631,0,0.237791932
G632,0,0.067114094
G633,0,0.231143552
G634,0,0.11669482
G635,0,0.118022329
G636,0,0.143039591
G637,0,0.256155303
G638,0,0.059602649
G639,0,0.035961272
G640,0,0.111510791
G641,0,0.076131687
G642,0,0.106690778
G643,0,0.083048919
G644,0,0.024647887
G645,0,0.292792793
G646,0,0.100502513
G647,0,0.092753623
G648,0,0.227188082
G649,0,0.069481091
G650,0,0.042357274
G651,0,0.111922141
G652,0,0.102062975
G653,0,0.06116208
G654,0,0.163972286
G655,0,0.114114114
G656,0,0.276632302
G657,0,0.091405184
G658,0,0.096407458
G659,0,0.094420601
G660,0,0.104283054
G661,0,0.212487412
G662,0,0.088888889
G663,0,0.226415094
G664,0,0.223905724
G665,0,0.315225425
G666,0,0.09113608
G667,0,0.174603175
G668,0,0.086666667
G669,0,0.080555556
G670,0,0.082587065
G671,0,0.273724368
G672,0,0.108187135
G673,0,0.195983936
G674,0,0.265046296
G675,0,0.153333333
G676,0,0.195631529
G677,0,0.055944056
G678,0,0.280701754
G679,0,0.138888889
G680,0,0.073504274
G681,0,0.265973826
G682,0,0.06122449
G683,0,0.297720798
G684,0,0.099099099
G685,0,0.128071482
G686,0,0.112288136
G687,0,0.189013035
G688,0,0.113141862
G689,0,0.277777778
G690,0,0.034679089
G691,0,0.053113553
G692,0,0.219536757
G693,0,0.229166667
G694,0,0.070273632
G695,0,0.112466125
G696,0,0.253443526
G697,0,0.086507937
G698,0,0.202586207
G699,0,0.168168168
G700,0,0.097152429
G701,0,0.051820728
G702,0,0.222222222
G703,0,0.338028169
G704,0,0.062330623
G705,0,0.172529313
G706,0,0.064143007
G707,0,0.232804233
G708,0,0.295790671
G709,0,0.104283054
G710,0,0.101098901
G711,0,0.237965486
G712,0,0.088607595
G713,0,0.084337349
G714,0,0.086302454
G715,0,0.288888889
G716,0,0.024767802
G717,0,0.038095238
G718,0,0.207977208
G719,0,0.164695177
G720,0,0.304964539
G721,0,0.063146998
G722,0,0.086989992
G723,0,0.337837838
G724,0,0.204980843
G725,0,0.08
G726,0,0.080147965
G727,0,0.075117371
G728,0,0.066818527
G729,0,0.235588972
G730,0,0.248864668
G731,0,0.064447966
G732,0,0.110198494
G733,0,0.105105105
G734,0,0.254901961
G735,0,0.214460784
G736,0,0.240248227
G737,0,0.316123188
G738,0,0.229480737
G739,0,0.085333333
G740,0,0.104575163
G741,0,0.270165209
G742,0,0.116751269
G743,0,0.14479638
G744,0,0.325925926
G745,0,0.100271003
G746,0,0.243961353
G747,0,0.213001383
G748,0,0.041666667
G749,0,0.048640916
G750,0,0.278606965
G751,0,0.089804543
G752,0,0.214285714
G753,0,0.25899705
G754,0,0.127777778
G755,0,0.104166667
G756,0,0.325301205
G757,0,0.108108108
G758,0,0.240384615
G759,0,0.232782369
G760,0,0.296186231
G761,0,0.097582038
G762,0,0.428104575
G763,0,0.186753529
G764,0,0.235507246
G765,0,0.113458529
G766,0,0.077922078
G767,0,0.245989305
G768,0,0.106878307
G769,0,0.05615942
G770,0,0.091666667
G771,0,0.084337349
G772,0,0.414012739
G773,0,0.098226467
G774,0,0.08627451
G775,0,0.084474886
G776,0,0.064102564
G777,0,0.171111111
G778,0,0.189933523
G779,0,0.383542538
G780,0,0.108108108
G781,0,0.068062827
G782,0,0.100694444
G783,0,0.261044177
G784,0,0.063360882
G785,0,0.216666667
G786,0,0.189617486
G787,0,0.101851852
G788,0,0.498550725
G789,0,0.281481481
G790,0,0.085034014
G791,0,0.249801114
G792,0,0.06184739
G793,0,0.068686869
G794,0,0.151785714
G795,0,0.086666667
G796,0,0.178240741
G797,0,0.060197664
G798,0,0.057259714
G799,0,0.29419439
G800,0,0.091097308
G801,0,0.08869814
G802,0,0.057507987
G803,0,0.248159832
G804,0,0.072072072
G805,0,0.249031008
G806,0,0.199759326
G807,0,0.227457824
G808,0,0.054438861
G809,0,0.128277154
G810,0,0.201731602
G811,0,0.255208333
G812,0,0.068759342
G813,0,0.047619048
G814,0,0.333333333
G815,0,0.25122549
G816,0,0.196125908
G817,0,0.243781095
G818,0,0.033229491
G819,0,0.119186047
G820,0,0.184
G821,0,0.038348083
G822,0,0.213213213
G823,0,0.16553288
G824,0,0.071161049
G825,0,0.2823219
G826,0,0.21402214
G827,0,0.25
G828,0,0.353811149
G829,0,0.155025554
G830,0,0.352380952
G831,0,0.204918033
G832,0,0.075
G833,0,0.17919514
G834,0,0.038216561
G835,0,0.111111111
G836,0,0.062951496
G837,0,0.1875
G838,0,0.057090239
G839,0,0.365296804
G840,0,0.101449275
G841,0,0.077777778
G842,0,0.257346767
G843,0,0.045045045
G844,0,0.089478859
G845,0,0.101449275
G846,0,0.149425287
G847,0,0.195928753
G848,0,0.045977011
G849,0,0.102898551
G850,0,0.220338983
G851,0,0.098039216
G852,0,0.090487239
G853,0,0.186534216
G854,0,0.363921569
G855,0,0.085365854
G856,0,0.109803922
G857,0,0.087581699
G858,0,0.300584795
G859,0,0.214559387
G860,0,0.053442029
G861,0,0.069529652
G862,0,0.339966833
G863,0,0.228682171
G864,0,0.043010753
G865,0,0.292609351
G866,0,0.077348066
G867,0,0.254385965
G868,0,0.111111111
G869,0,0.288220551
G870,0,0.250737463
G871,0,0.198113208
G872,0,0.163800164
G873,0,0.028985507
G874,0,0.192488263
G875,0,0.234567901
G876,0,0.081818182
G877,0,0.064814815
G878,0,0.215686275
G879,0,0.088768116
G880,0,0.182648402
G881,0,0.243430152
G882,0,0.08815427
G883,0,0.543859649
G884,0,0.232240437
G885,0,0.107017544
G886,0,0.185028249
G887,0,0.18490246
G888,0,0.440027894
G889,0,0.04122807
G890,0,0.083333333
G891,0,0.174513497
G892,0,0.156666667
G893,0,0.077124183
G894,0,0.550595238
G895,0,0.09772423
G896,0,0.232931727
G897,0,0.097643098
G898,0,0.279202279
G899,0,0.086100861
G900,0,0.298102981
G901,0,0.208791209
G902,0,0.213151927
G903,0,0.248538012
G904,0,0.074971165
G905,0,0.212121212
G906,0,0.128205128
G907,0,0.233105543
G908,0,0.286163522
G909,0,0.193585338
G910,0,0.069023569
G911,0,0.087301587
G912,0,0.1
G913,0,0.057471264
G914,0,0.319185059
G915,0,0.22513089
G916,0,0.058479532
G917,0,0.181003584
G918,0,0.083454282
G919,0,0.228902954
G920,0,0.078431373
G921,0,0.242886179
G922,0,0.14893617
G923,0,0.265232975
G924,0,0.147435897
G925,0,0.244909831
G926,0,0.214611872
G927,0,0.215246637
G928,0,0.318007663
G929,0,0.078030303
G930,0,0.305393112
G931,0,0.278518519
G932,0,0.268041237
G933,0,0.393569845
G934,0,0.284780579
G935,0,0.068027211
G936,0,0.219512195
G937,0,0.293859649
G938,0,0.479885057
G939,0,0.359417652
G940,0,0.244047619
G941,0,0.255813953
G942,0,0.211442786
G943,0,0.181818182
G944,0,0.27254902
G945,0,0.073573574
G946,0,0.038714673
G947,0,0.210909091
G948,0,0.046184739
G949,0,0.184331797
G950,0,0.2946593
G951,0,0.26146475
G952,0,0.062666667
G953,0,0.209761163
G954,0,0.234432234
G955,0,0.229598893
G956,0,0.082949309
G957,0,0.399061033
G958,0,0.073170732
G959,0,0.306508355
G960,0,0.339823009
G961,0,0.101851852
G962,0,0.250720461
G963,0,0.273809524
G964,0,0.062666667
G965,0,0.145390071
G966,0,0.039007092
G967,0,0.093495935
G968,0,0.208232446
G969,0,0.15625
G970,0,0.164359862
G971,0,0.083333333
G972,0,0.322344322
G973,0,0.425681618
G974,0,0.266666667
G975,0,0.175062972
G976,0,0.211940299
G977,0,0.541239629
G978,0,0.075017693
G979,0,0.094402673
G980,0,0.064926372
G981,0,0.063200815
G982,0,0.05
G983,0,0.332014072
G984,0,0.261780105
G985,0,0.209078404
G986,0,0.062146893
G987,0,0.098101266
G988,0,0.393574297
G989,0,0.101149425
G990,0,0.127717391
G991,0,0.180851064
G992,0,0.24497992
G993,0,0.23880597
G994,0,0.364035088
G995,0,0.247311828
G996,0,0.05141844
G997,0,0.044843049
G998,0,0.127659574
G999,0,0.037356322
G1000,0,0.054666667
G1001,0,0.070460705
G1002,0,0.060176991
G1003,0,0.32595326
G1004,0,0.125344353
G1005,0,0.266666667
G1006,0,0.105376344
G1007,0,0.074974671
G1008,0,0.237463127
G1009,0,0.279461279
G1010,0,0.189991518
G1011,0,0.201754386
G1012,0,0.370766488
G1013,0,0.078431373
G1014,0,0.215538847
G1015,0,0.232098765
G1016,0,0.118012422
G1017,0,0.265503876
G1018,0,0.205128205
G1019,0,0.032679739
G1020,0,0.051964512
G1021,0,0.356589147
G1022,0,0.256410256
G1023,0,0.196025294
G1024,0,0.385542169
G1025,0,0.080701754
G1026,0,0.122103387
G1027,0,0.039473684
G1028,0,0.053571429
G1029,0,0.0703125
G1030,0,0.059080963
G1031,0,0.204731574
G1032,0,0.262931034
G1033,0,0.144186047
G1034,0,0.087962963
G1035,0,0.104507608
G1036,0,0.2272203
G1037,0,0.062736742
G1038,0,0.088983051
G1039,0,0.077020202
G1040,0,0.060796646
G1041,0,0.036655212
G1042,0,0.168918919
G1043,0,0.280598958
G1044,0,0.169154229
G1045,0,0.266666667
G1046,0,0.090833333
G1047,0,0.189189189
G1048,0,0.23510467
G1049,0,0.315068493
G1050,0,0.327380952
G1051,0,0.0430839
G1052,0,0.580033003
G1053,0,0.346341463
G1054,0,0.317204301
G1055,0,0.078770413
G1056,0,0.114427861
G1057,0,0.248693835
G1058,0,0.306923626
G1059,0,0.135057471
G1060,0,0.267973856
G1061,0,0.270419426
G1062,0,0.333333333
G1063,0,0.314553991
G1064,0,0.08489723
G1065,0,0.228159457
G1066,0,0.067901235
G1067,0,0.130952381
G1068,0,0.073846154
G1069,0,0.066384181
G1070,0,0.352359209
G1071,0,0.09718173
G1072,0,0.267973856
G1073,0,0.103473762
G1074,0,0.12962963
G1075,0,0.187416332
G1076,0,0.08974359
G1077,0,0.240669241
G1078,0,0.210526316
G1079,0,0.108108108
G1080,0,0.16015625
G1081,0,0.188888889
G1082,0,0.073846154
G1083,0,0.292982456
G1084,0,0.192640693
G1085,0,0.070546737
G1086,0,0.121341899
G1087,0,0.30753354
G1088,0,0.04778157
G1089,0,0.169154229
G1090,0,0.097378277
G1091,0,0.329004329
G1092,0,0.096385542
G1093,0,0.104294479
G1094,0,0.201166181
G1095,0,0.059016393
G1096,0,0.06504065
G1097,0,0.107438017
G1098,0,0.2
G1099,0,0.177762833
G1100,0,0.114814815
G1101,0,0.413943355
G1102,0,0.30110935
G1103,0,0.230769231
G1104,0,0.371794872
G1105,0,0.082706767
G1106,0,0.114942529
G1107,0,0.166666667
G1108,0,0.226495726
G1109,0,0.109219858
G1110,0,0.219876869
G1111,0,0.110006627
G1112,0,0.185941043
G1113,0,0.059962229
G1114,0,0.071225071
G1115,0,0.180257511
G1116,0,0.171091445
G1117,0,0.180676329
G1118,0,0.094079481
G1119,0,0.041666667
G1120,0,0.062278839
G1121,0,0.082159624
G1122,0,0.303867403
G1123,0,0.088028169
G1124,0,0.092036242
G1125,0,0.62601626
G1126,0,0.101190476
G1127,0,0.257142857
G1128,0,0.100628931
G1129,0,0.077037037
G1130,0,0.039341917
G1131,0,0.092127303
G1132,0,0.374074074
G1133,0,0.081372549
G1134,0,0.208333333
G1135,0,0.28048048
G1136,0,0.048805815
G1137,0,0.290502793
G1138,0,0.069444444
G1139,0,0.123015873
G1140,0,0.431895962
G1141,0,0.243996158
G1142,0,0.13186553
G1143,0,0.197324415
G1144,0,0.159916926
G1145,0,0.241134752
G1146,0,0.092224231
G1147,0,0.343023256
G1148,0,0.22037037
G1149,0,0.087431694
G1150,0,0.202185792
G1151,0,0.17721519
G1152,0,0.071428571
G1153,0,0.151095732
G1154,0,0.105519481
G1155,0,0.190711056
G1156,0,0.208576998
G1157,0,0.220238095
G1158,0,0.407096172
G1159,0,0.070281124
G1160,0,0.045226131
G1161,0,0.10331384
G1162,0,0.085585586
G1163,0,0.281588448
G1164,0,0.106382979
G1165,0,0.220883534
G1166,0,0.108225108
G1167,0,0.06
G1168,0,0.212876428
G1169,0,0.342857143
G1170,0,0.306122449
G1171,0,0.0651341
G1172,0,0.112449799
G1173,0,0.118908382
G1174,0,0.02283105
G1175,0,0.10403397
G1176,0,0.286604361
G1177,0,0.068027211
G1178,0,0.078726968
G1179,0,0.25
G1180,0,0.189814815
G1181,0,0.081761006
G1182,0,0.093333333
G1183,0,0.36
G1184,0,0.213930348
G1185,0,0.054131054
G1186,0,0.100862392
G1187,0,0.055555556
G1188,0,0.08566108
G1189,0,0.036749928
G1190,0,0.055555556
G1191,0,0.075757576
G1192,0,0.222222222
G1193,0,0.071969697
G1194,0,0.051282051
G1195,0,0.413554633
G1196,0,0.25095057
G1197,0,0.212895377
G1198,0,0.216917923
G1199,0,0.256840796
G1200,0,0.231099656
G1201,0,0.211731044
G1202,0,0.324414716
G1203,0,0.236111111
G1204,0,0.221568627
G1205,0,0.215479332
G1206,0,0.171171171
G1207,0,0.082191781
G1208,0,0.195004803
G1209,0,0.050980392
G1210,0,0.050314465
G1211,0,0.265079365
G1212,0,0.043478261
G1213,0,0.04283054
G1214,0,0.24011713
G1215,0,0.092592593
G1216,0,0.252252252
G1217,0,0.290080738
G1218,0,0.1875
G1219,0,0.400803905
G1220,0,0.096014493
G1221,0,0.287671233
G1222,0,0.06651719
G1223,0,0.222929936
G1224,0,0.113960114
G1225,0,0.038405797
G1226,0,0.260869565
G1227,0,0.317269076
G1228,0,0.052405498
G1229,0,0.115384615
G1230,0,0.111111111
G1231,0,0.057116105
G1232,0,0.07239819
G1233,0,0.068627451
G1234,0,0.089430894
G1235,0,0.196969697
G1236,0,0.213492063
G1237,0,0.051903114
G1238,0,0.091503268
G1239,0,0.211764706
G1240,0,0.345885635
G1241,0,0.049079755
G1242,0,0.075822604
G1243,0,0.073825503
G1244,0,0.025764895
G1245,0,0.054153523
G1246,0,0.203703704
G1247,0,0.258865248
G1248,0,0.084801044
G1249,0,0.198435973
G1250,0,0.214953271
G1251,0,0.209090909
G1252,0,0.087087087
G1253,0,0.174934726
G1254,0,0.03514377
G1255,0,0.052287582
G1256,0,0.121212121
G1257,0,0.097288676
G1258,0,0.175438596
G1259,0,0.234899329
G1260,0,0.37804878
G1261,0,0.184079602
G1262,0,0.348927875
G1263,0,0.087986464
G1264,0,0.226731602
G1265,0,0.044871795
G1266,0,0.452446907
G1267,0,0.073015873
G1268,0,0.106837607
G1269,0,0.243626062
G1270,0,0.117647059
G1271,0,0.219298246
G1272,0,0.138554217
G1273,0,0.362162162
G1274,0,0.348785872
G1275,0,0.062283737
G1276,0,0.2265625
G1277,0,0.16751269
G1278,0,0.102908277
G1279,0,0.090909091
G1280,0,0.226869455
G1281,0,0.074074074
G1282,0,0.209497207
G1283,0,0.091485507
G1284,0,0.262381747
G1285,0,0.10619469
G1286,0,0.359375
G1287,0,0.2
G1288,0,0.030131827
G1289,0,0.226495726
G1290,0,0.211111111
G1291,0,0.389784946
G1292,0,0.329140461
G1293,0,0.210045662
G1294,0,0.232837933
G1295,0,0.369782972
G1296,0,0.084474886
G1297,0,0.068822554
G1298,0,0.060137457
G1299,0,0.110382514
G1300,0,0.312362031
G1301,0,0.079877112
G1302,0,0.091435185
G1303,0,0.064760303
G1304,0,0.287749288
G1305,0,0.108888889
G1306,0,0.289247312
G1307,0,0.196078431
G1308,0,0.086842105
G1309,0,0.097985348
G1310,0,0.239669421
G1311,0,0.08974359
G1312,0,0.771771772
G1313,0,0.115115115
G1314,0,0.058240397
G1315,0,0.222910217
G1316,0,0.267592593
G1317,0,0.176151762
G1318,0,0.291873964
G1319,0,0.161764706
G1320,0,0.085714286
G1321,0,0.210045662
G1322,0,0.288888889
G1323,0,0.039215686
G1324,0,0.255581216
G1325,0,0.318923019
G1326,0,0.076210826
G1327,0,0.267716535
G1328,0,0.178431373
G1329,0,0.087719298
G1330,0,0.101788171
G1331,0,0.1002331
G1332,0,0.07266436
G1333,0,0.074879227
G1334,0,0.185714286
G1335,0,0.111548556
G1336,0,0.074829932
G1337,0,0.039863326
G1338,0,0.406084656
G1339,0,0.238095238
G1340,0,0.248747913
G1341,0,0.104125737
G1342,0,0.062222222
G1343,0,0.273831208
G1344,0,0.446614583
G1345,0,0.089912281
G1346,0,0.096525097
G1347,0,0.219954649
G1348,0,0.201058201
G1349,0,0.138888889
G1350,0,0.311827957
G1351,0,0.134366925
G1352,0,0.247685185
G1353,0,0.332210999
G1354,0,0.408408408
G1355,0,0.085470085
G1356,0,0.27254902
G1357,0,0.094717668
G1358,0,0.07793765
G1359,0,0.070019724
G1360,0,0.308473389
G1361,0,0.080717489
G1362,0,0.075506446
G1363,0,0.016169154
G1364,0,0.107843137
G1365,0,0.016528926
G1366,0,0.267651888
G1367,0,0.085555556
G1368,0,0.295833333
G1369,0,0.270440252
G1370,0,0.197402597
G1371,0,0.241433022
G1372,0,0.117527862
G1373,0,0.288888889
G1374,0,0.157258065
G1375,0,0.114155251
G1376,0,0.098532495
G1377,0,0.122807018
G1378,0,0.274410774
G1379,0,0.087804878
G1380,0,0.343456255
G1381,0,0.163461538
G1382,0,0.19858156
G1383,0,0.084158416
G1384,0,0.086419753
G1385,0,0.245439469
G1386,0,0.089026915
G1387,0,0.078014184
G1388,0,0.080321285
G1389,0,0.048245614
G1390,0,0.281481481
G1391,0,0.212418301
G1392,0,0.068965517
G1393,0,0.315412186
G1394,0,0.163841808
G1395,0,0.29903537
G1396,0,0.061728395
G1397,0,0.264583333
G1398,0,0.166666667
G1399,0,0.048039216
G1400,0,0.046113307
G1401,0,0.23316913
G1402,0,0.266666667
G1403,0,0.08624031
G1404,0,0.203125
G1405,0,0.15942029
G1406,0,0.089805825
G1407,0,0.293040293
G1408,0,0.187327824
G1409,0,0.04964539
G1410,0,0.032953105
G1411,0,0.111413043
G1412,0,0.05651341
G1413,0,0.06969697
G1414,0,0.114081996
G1415,0,0.093062606
G1416,0,0.083061889
G1417,0,0.072363356
G1418,0,0.094573643
G1419,0,0.34542706
G1420,0,0.050761421
G1421,0,0.087519026
G1422,0,0.091145833
G1423,0,0.156028369
G1424,0,0.447013487
G1425,0,0.167985928
G1426,0,0.24497992
G1427,0,0.229508197
G1428,0,0.081481481
G1429,0,0.377260982
G1430,0,0.098039216
G1431,0,0.194092827
G1432,0,0.069481091
G1433,0,0.31
G1434,0,0.120104439
G1435,0,0.212099977
G1436,0,0.192982456
G1437,0,0.032258065
G1438,0,0.121794872
G1439,0,0.209756098
G1440,0,0.063157895
G1441,0,0.082264957
G1442,0,0.095360825
G1443,0,0.10403397
G1444,0,0.345238095
G1445,0,0.080924855
G1446,0,0.271604938
G1447,0,0.131991051
G1448,0,0.47761194
G1449,0,0.062666667
G1450,0,0.240294511
G1451,0,0.115384615
G1452,0,0.44047619
G1453,0,0.107638889
G1454,0,0.067114094
G1455,0,0.044715447
G1456,0,0.104166667
G1457,0,0.676190476
G1458,0,0.04701532
G1459,0,0.329317269
G1460,0,0.064676617
G1461,0,0.226463104
G1462,0,0.264902241
G1463,0,0.078828829
G1464,0,0.272369715
G1465,0,0.274888559
G1466,0,0.064516129
G1467,0,0.087431694
G1468,0,0.077687444
G1469,0,0.064516129
G1470,0,0.25399361
G1471,0,0.105742297
G1472,0,0.095833333
G1473,0,0.136752137
G1474,0,0.087267525
G1475,0,0.13729128
G1476,0,0.252252252
G1477,0,0.267973856
G1478,0,0.096244131
G1479,0,0.063533507
G1480,0,0.286184211
G1481,0,0.26984127
G1482,0,0.222623345
G1483,0,0.064516129
G1484,0,0.076526858
G1485,0,0.074455899
G1486,0,0.230046948
G1487,0,0.067750678
G1488,0,0.070647603
G1489,0,0.188630491
G1490,0,0.395348837
G1491,0,0.068100358
G1492,0,0.041322314
G1493,0,0.085150571
G1494,0,0.092970522
G1495,0,0.092948718
G1496,0,0.188741722
G1497,0,0.112676056
G1498,0,0.255797101
G1499,0,0.240437158
G1500,0,0.073136428
G1501,0,0.098958333
G1502,0,0.109375
G1503,0,0.282651072
G1504,0,0.079812207
G1505,0,0.061403509
G1506,0,0.301801802
G1507,0,0.105152471
G1508,0,0.22605364
G1509,0,0.057248384
G1510,0,0.09762533
G1511,0,0.076576577
G1512,0,0.080745342
G1513,0,0.096436059
G1514,0,0.05351682
G1515,0,0.075725407
G1516,0,0.659955257
G1517,0,0.222222222
G1518,0,0.055137845
G1519,0,0.296296296
G1520,0,0.097859327
G1521,0,0.075520833
G1522,0,0.246628131
G1523,0,0.299338999
G1524,0,0.089903181
G1525,0,0.065947242
G1526,0,0.183574879
G1527,0,0.092140921
G1528,0,0.063913471
G1529,0,0.069536424
G1530,0,0.066083576
G1531,0,0.106710671
G1532,0,0.062041737
G1533,0,0.068283917
G1534,0,0.059139785
G1535,0,0.426873385
G1536,0,0.386666667
G1537,0,0.249140893
G1538,0,0.075471698
G1539,0,0.081364829
G1540,0,0.246794872
G1541,0,0.107549858
G1542,0,0.09406953
G1543,0,0.229885057
G1544,0,0.17428088
G1545,0,0.19693301
G1546,0,0.385126162
G1547,0,0.091194969
G1548,0,0.05823017
G1549,0,0.08994709
G1550,0,0.095238095
G1551,0,0.397316821
G1552,0,0.079726651
G1553,0,0.076858814
G1554,0,0.104761905
G1555,0,0.082191781
G1556,0,0.16004415
G1557,0,0.468518519
G1558,0,0.214035088
G1559,0,0.082578046
G1560,0,0.240036232
G1561,0,0.08489723
G1562,0,0.104427736
G1563,0,0.092989986
G1564,0,0.274774775
G1565,0,0.0430839
G1566,0,0.070422535
G1567,0,0.078518519
G1568,0,0.197037037
G1569,0,0.219264892
G1570,0,0.280620155
G1571,0,0.27784027
G1572,0,0.164102564
G1573,0,0.075268817
G1574,0,0.181761006
G1575,0,0.047222222
G1576,0,0.058139535
G1577,0,0.069849691
G1578,0,0.192857143
G1579,0,0.063157895
G1580,0,0.060606061
G1581,0,0.135057471
G1582,0,0.332
G1583,0,0.129476584
G1584,0,0.093006745
G1585,0,0.233395407
G1586,0,0.179487179
G1587,0,0.082101806
G1588,0,0.473429952
G1589,0,0.207039337
G1590,0,0.079526227
G1591,0,0.175983437
G1592,0,0.16027088
G1593,0,0.226027397
G1594,0,0.110105581
G1595,0,0.259587021
G1596,0,0.075342466
G1597,0,0.110826939
G1598,0,0.079812207
G1599,0,0.183982684
G1600,0,0.087943262
G1601,0,0.074393753
G1602,0,0.097727273
G1603,0,0.094052559
G1604,0,0.125603865
G1605,0,0.055505005
G1606,0,0.239265326
G1607,0,0.356164384
G1608,0,0.194282001
G1609,0,0.269736842
G1610,0,0.041975309
G1611,0,0.291666667
G1612,0,0.195945946
G1613,0,0.08496732
G1614,0,0.092896175
G1615,0,0.313311688
G1616,0,0.194835681
G1617,0,0.04730473
G1618,0,0.093236715
G1619,0,0.085599194
G1620,0,0.067901235
G1621,0,0.114035088
G1622,0,0.100955795
G1623,0,0.078014184
G1624,0,0.174129353
G1625,0,0.125925926
G1626,0,0.072072072
G1627,0,0.099585062
G1628,0,0.230035757
G1629,0,0.356234097
G1630,0,0.039215686
G1631,0,0.088522589
G1632,0,0.272630458
G1633,0,0.253731343
G1634,0,0.074468085
G1635,0,0.112676056
G1636,0,0.100591716
G1637,0,0.117647059
G1638,0,0.088328076
G1639,0,0.094732182
G1640,0,0.197916667
G1641,0,0.10906298
G1642,0,0.086075346
G1643,0,0.082730924
G1644,0,0.294117647
G1645,0,0.253895857
G1646,0,0.246124031
G1647,0,0.173333333
G1648,0,0.440350877
G1649,0,0.094736842
G1650,0,0.228855721
G1651,0,0.306666667
G1652,0,0.224074074
G1653,0,0.147435897
G1654,0,0.26826484
G1655,0,0.317226891
G1656,0,0.493040293
G1657,0,0.345106696
G1658,0,0.253140097
G1659,0,0.121707539
G1660,0,0.066666667
G1661,0,0.241545894
G1662,0,0.241090147
G1663,0,0.125786164
G1664,0,0.068627451
G1665,0,0.221264368
G1666,0,0.353968254
G1667,0,0.113615023
G1668,0,0.119556611
G1669,0,0.07629108
G1670,0,0.114186851
G1671,0,0.067285383
G1672,0,0.188644689
G1673,0,0.319746377
G1674,0,0.070422535
G1675,0,0.219047619
G1676,0,0.078247261
G1677,0,0.355769231
G1678,0,0.084795322
G1679,0,0.09686221
G1680,0,0.057142857
G1681,0,0.107142857
G1682,0,0.219298246
G1683,0,0.082706767
G1684,0,0.30318258
G1685,0,0.098138748
G1686,0,0.208037825
G1687,0,0.099099099
G1688,0,0.257407407
G1689,0,0.203125
G1690,0,0.268292683
G1691,0,0.072945522
G1692,0,0.192668372
G1693,0,0.045515395
G1694,0,0.159498208
G1695,0,0.045584046
G1696,0,0.103244838
G1697,0,0.35483871
G1698,0,0.102966841
G1699,0,0.058419244
G1700,0,0.101573677
G1701,0,0.09057971
G1702,0,0.097560976
G1703,0,0.182017544
G1704,0,0.249226964
G1705,0,0.235042735
G1706,0,0.271386431
G1707,0,0.290780142
G1708,0,0.185964912
G1709,0,0.072820513
G1710,0,0.243107769
G1711,0,0.524031008
G1712,0,0.062408223
G1713,0,0.166666667
G1714,0,0.287096774
G1715,0,0.100702576
G1716,0,0.239215686
G1717,0,0.075221239
G1718,0,0.353005464
G1719,0,0.08647343
G1720,0,0.298081908
G1721,0,0.082397004
G1722,0,0.283286119
G1723,0,0.420138889
G1724,0,0.276666667
G1725,0,0.212806026
G1726,0,0.134852802
G1727,0,0.249775382
G1728,0,0.073746313
G1729,0,0.089192708
G1730,0,0.276923077
G1731,0,0.093040293
G1732,0,0.232223592
G1733,0,0.093081761
G1734,0,0.217610063
G1735,0,0.304843305
G1736,0,0.095238095
G1737,0,0.198830409
G1738,0,0.262931034
G1739,0,0.196236559
G1740,0,0.196517413
G1741,0,0.168604651
G1742,0,0.074829932
G1743,0,0.304250559
G1744,0,0.058139535
G1745,0,0.220489978
G1746,0,0.281079529
G1747,0,0.299145299
G1748,0,0.200716846
G1749,0,0.078651685
G1750,0,0.238095238
G1751,0,0.407407407
G1752,0,0.262681159
G1753,0,0.095238095
G1754,0,0.090745732
G1755,0,0.06712963
G1756,0,0.308333333
G1757,0,0.449951409
G1758,0,0.228901032
G1759,0,0.12962963
G1760,0,0.096446701
G1761,0,0.100097182
G1762,0,0.246085011
G1763,0,0.434662999
G1764,0,0.086805556
G1765,0,0.071601355
G1766,0,0.037851038
G1767,0,0.073919107
G1768,0,0.191176471
G1769,0,0.110503947
G1770,0,0.114427861
G1771,0,0.098654709
G1772,0,0.229038855
G1773,0,0.283105023
G1774,0,0.088122605
G1775,0,0.245333333
G1776,0,0.283105023
G1777,0,0.073752711
G1778,0,0.234848485
G1779,0,0.08
G1780,0,0.03064275
G1781,0,0.058676654
G1782,0,0.08490566
G1783,0,0.234848485
G1784,0,0.290763052
G1785,0,0.068493151
G1786,0,0.262910798
G1787,0,0.174693107
G1788,0,0.672619048
G1789,0,0.133333333
G1790,0,0.560386473
G1791,0,0.636075949
G1792,0,0.243854474
G1793,0,0.340699816
G1794,0,0.208137715
G1795,0,0.087986464
G1796,0,0.212730318
G1797,0,0.041218638
G1798,0,0.189258312
G1799,0,0.210526316
G1800,0,0.196656834
G1801,0,0.184210526
G1802,0,0.182336182
G1803,0,0.187004754
G1804,0,0.263227513
G1805,0,0.242532855
G1806,0,0.180827887
G1807,0,0.080206034
G1808,0,0.121376812
G1809,0,0.220430108
G1810,0,0.27420124
G1811,0,0.069444444
G1812,0,0.181318681
G1813,0,0.045774648
G1814,0,0.228169014
G1815,0,0.062191885
G1816,0,0.163522013
G1817,0,0.068376068
G1818,0,0.059259259
G1819,0,0.211111111
G1820,0,0.08436214
G1821,0,0.09009009
G1822,0,0.116017316
G1823,0,0.297935103
G1824,0,0.347985348
G1825,0,0.183673469
G1826,0,0.23560716
G1827,0,0.2960199
G1828,0,0.279252704
G1829,0,0.105502501
G1830,0,0.263333333
G1831,0,0.188679245
G1832,0,0.538647343
G1833,0,0.064676617
G1834,0,0.276346604
G1835,0,0.074074074
G1836,0,0.133333333
G1837,0,0.097560976
G1838,0,0.312206573
G1839,0,0.072810011
G1840,0,0.092896175
G1841,0,0.176077717
G1842,0,0.06097561
G1843,0,0.095052083
G1844,0,0.070336391
G1845,0,0.197635934
G1846,0,0.077184054
G1847,0,0.094814815
G1848,0,0.114379085
G1849,0,0.117794486
G1850,0,0.226950355
G1851,0,0.260770975
G1852,0,0.149659864
G1853,0,0.404485692
G1854,0,0.21031746
G1855,0,0.130353818
G1856,0,0.209621993
G1857,0,0.064102564
G1858,0,0.265582656
G1859,0,0.089247312
G1860,0,0.212806026
G1861,0,0.097664544
G1862,0,0.115597783
G1863,0,0.230769231
G1864,0,0.108566582
G1865,0,0.060897436
G1866,0,0.214788732
G1867,0,0.252136752
G1868,0,0.185654008
G1869,0,0.220183486
G1870,0,0.256892231
G1871,0,0.204102564
G1872,0,0.216374269
G1873,0,0.085121602
G1874,0,0.082693947
G1875,0,0.059274756
G1876,0,0.092655367
G1877,0,0.273809524
G1878,0,0.346031746
G1879,0,0.16017316
G1880,0,0.27480916
G1881,0,0.164705882
G1882,0,0.113879004
G1883,0,0.247272727
G1884,0,0.175141243
G1885,0,0.043478261
G1886,0,0.103151862
G1887,0,0.242597899
G1888,0,0.077134986
G1889,0,0.041025641
G1890,0,0.102351314
G1891,0,0.094558901
G1892,0,0.070294785
G1893,0,0.169871795
G1894,0,0.287090559
G1895,0,0.181547619
G1896,0,0.067836257
G1897,0,0.072796935
G1898,0,0.446886447
G1899,0,0.237486688
G1900,0,0.32987013
G1901,0,0.243589744
G1902,0,0.114114114
G1903,0,0.202469136
G1904,0,0.392907801
G1905,0,0.718253968
G1906,0,0.10351377
G1907,0,0.086956522
G1908,0,0.256192498
G1909,0,0.079691517
G1910,0,0.118541033
G1911,0,0.267015707
G1912,0,0.093785311
G1913,0,0.085123309
G1914,0,0.104725415
G1915,0,0.110429448
G1916,0,0.214705882
G1917,0,0.320261438
G1918,0,0.151927438
G1919,0,0.072016461
G1920,0,0.27480916
G1921,0,0.220149254
G1922,0,0.232048375
G1923,0,0.154166667
G1924,0,0.314569536
G1925,0,0.071815718
G1926,0,0.100358423
G1927,0,0.073529412
G1928,0,0.133928571
G1929,0,0.246666667
G1930,0,0.420425091
G1931,0,0.098228663
G1932,0,0.059474412
G1933,0,0.184738956
G1934,0,0.269483568
G1935,0,0.352682498
G1936,0,0.213371266
G1937,0,0.328638498
G1938,0,0.072847682
G1939,0,0.111753372
G1940,0,0.069651741
G1941,0,0.114144862
G1942,0,0.086629002
G1943,0,0.078375826
G1944,0,0.097286226
G1945,0,0.091901729
G1946,0,0.124183007
G1947,0,0.063862928
G1948,0,0.271084337
G1949,0,0.091370558
G1950,0,0.21048321
G1951,0,0.106060606
G1952,0,0.076923077
G1953,0,0.071428571
G1954,0,0.164556962
G1955,0,0.31120332
G1956,0,0.313390313
G1957,0,0.263681592
G1958,0,0.086631486
G1959,0,0.033927057
G1960,0,0.103519669
G1961,0,0.061170213
G1962,0,0.0430839
G1963,0,0.209401709
G1964,0,0.243181818
G1965,0,0.223790323
G1966,0,0.125429553
G1967,0,0.084602369
G1968,0,0.185185185
G1969,0,0.062146893
G1970,0,0.042071197
G1971,0,0.212885154
G1972,0,0.044260028
G1973,0,0.115191463
G1974,0,0.194100295
G1975,0,0.265486726
G1976,0,0.177777778
G1977,0,0.071071071
G1978,0,0.050096339
G1979,0,0.10292729
G1980,0,0.306306306
G1981,0,0.114427861
G1982,0,0.080952381
G1983,0,0.052083333
G1984,0,0.262391996
G1985,0,0.053208138
G1986,0,0.182539683
G1987,0,0.27340824
G1988,0,0.229591837
G1989,0,0.084456424
G1990,0,0.10709988
G1991,0,0.102420857
G1992,0,0.072222222
G1993,0,0.091060986
G1994,0,0.066838046
G1995,0,0.101953602
G1996,0,0.10042735
G1997,0,0.259615385
G1998,0,0.095916429
G1999,0,0.217228464
G2000,0,0.136986301
G2001,0,0.043209877
G2002,0,0.184259259
G2003,0,0.172024817
G2004,0,0.175177305
G2005,0,0.063341251
G2006,0,0.109452736
G2007,0,0.057575758
G2008,0,0.083333333
G2009,0,0.265185185
G2010,0,0.062626263
G2011,0,0.044315992
G2012,0,0.090710383
G2013,0,0.070833333
G2014,0,0.117686617
G2015,0,0.412962963
G2016,0,0.084886128
G2017,0,0.045855379
G2018,0,0.058823529
G2019,0,0.296442688
G2020,0,0.095870206
G2021,0,0.292464879
G2022,0,0.230352304
G2023,0,0.070588235
G2024,0,0.067049808
G2025,0,0.215223097
G2026,0,0.346286701
G2027,0,0.087878788
G2028,0,0.249512671
G2029,0,0.275757576
G2030,0,0.112903226
G2031,0,0.095238095
G2032,0,0.307807808
G2033,0,0.037558685
G2034,0,0.352941176
G2035,0,0.066666667
G2036,0,0.111506524
G2037,0,0.199818347
G2038,0,0.250334672
G2039,0,0.072649573
G2040,0,0.432291667
G2041,0,0.2543618
G2042,0,0.093869732
G2043,0,0.199199199
G2044,0,0.0997151
G2045,0,0.061904762
G2046,0,0.282651072
G2047,0,0.05615942
G2048,0,0.088888889
G2049,0,0.085158151
G2050,0,0.289473684
G2051,0,0.357575758
G2052,0,0.063218391
G2053,0,0.055555556
G2054,0,0.295929593
G2055,0,0.057291667
G2056,0,0.070539419
G2057,0,0.301169591
G2058,0,0.324200913
G2059,0,0.07037037
G2060,0,0.290697674
G2061,0,0.241666667
G2062,0,0.256262042
G2063,0,0.032520325
G2064,0,0.214592275
G2065,0,0.062827225
G2066,0,0.175268817
G2067,0,0.062240664
G2068,0,0.359078591
G2069,0,0.099616858
G2070,0,0.207100592
G2071,0,0.586080586
G2072,0,0.029255319
G2073,0,0.10160705
G2074,0,0.081501832
G2075,0,0.464464464
G2076,0,0.202020202
G2077,0,0.274853801
G2078,0,0.040057225
G2079,0,0.109803922
G2080,0,0.263779528
G2081,0,0.220930233
G2082,0,0.033033033
G2083,0,0.104793757
G2084,0,0.058597502
G2085,0,0.109341826
G2086,0,0.090350877
G2087,0,0.2
G2088,0,0.045995671
G2089,0,0.204685573
G2090,0,0.091644205
G2091,0,0.273809524
G2092,0,0.095238095
G2093,0,0.18452381
G2094,0,0.197484277
G2095,0,0.251184834
G2096,0,0.211965812
G2097,0,0.066666667
G2098,0,0.212462462
G2099,0,0.346733668
G2100,0,0.503584229
G2101,0,0.264935065
G2102,0,0.092063492
G2103,0,0.288657235
G2104,0,0.065863454
G2105,0,0.122875817
G2106,0,0.059210526
G2107,0,0.192521877
G2108,0,0.085930123
G2109,0,0.311764706
G2110,0,0.101553166
G2111,0,0.202559822
G2112,0,0.240976645
G2113,0,0.084262701
G2114,0,0.075023742
G2115,0,0.115646259
G2116,0,0.274706868
G2117,0,0.255102041
G2118,0,0.370977535
G2119,0,0.10538865
G2120,0,0.075301205
G2121,0,0.223577236
G2122,0,0.086206897
G2123,0,0.335
G2124,0,0.088105727
G2125,0,0.079588015
G2126,0,0.098
G2127,0,0.209797657
G2128,0,0.233716475
G2129,0,0.21498708
G2130,0,0.222720478
G2131,0,0.088183422
G2132,0,0.154471545
G2133,0,0.162519614
G2134,0,0.077355837
G2135,0,0.212121212
G2136,0,0.048929664
G2137,0,0.387387387
G2138,0,0.036585366
G2139,0,0.111880046
G2140,0,0.214437367
G2141,0,0.063063063
G2142,0,0.110701107
G2143,0,0.192528736
G2144,0,0.102016607
G2145,0,0.117845118
G2146,0,0.069444444
G2147,0,0.279243624
G2148,0,0.238715278
G2149,0,0.054750403
G2150,0,0.214814815
G2151,0,0.339966833
G2152,0,0.274247492
G2153,0,0.065400844
G2154,0,0.04702381
G2155,0,0.060252672
G2156,0,0.195321637
G2157,0,0.081818182
G2158,0,0.096153846
G2159,0,0.196902655
G2160,0,0.20596206
G2161,0,0.077777778
G2162,0,0.084025854
G2163,0,0.035532995
G2164,0,0.531050228
G2165,0,0.210445469
G2166,0,0.098684211
G2167,0,0.074074074
G2168,0,0.128423041
G2169,0,0.064842958
G2170,0,0.454726368
G2171,0,0.059190031
G2172,0,0.071925754
G2173,0,0.156862745
G2174,0,0.26056338
G2175,0,0.104582409
G2176,0,0.098233996
G2177,0,0.135135135
G2178,0,0.283524904
G2179,0,0.236947791
G2180,0,0.042124542
G2181,0,0.272079772
G2182,0,0.507507508
G2183,0,0.32728647
G2184,0,0.221751412
G2185,0,0.20869068
G2186,0,0.052679382
G2187,0,0.190217391
G2188,0,0.082554517
G2189,0,0.087431694
G2190,0,0.343632959
G2191,0,0.547348485
G2192,0,0.2
G2193,0,0.066066066
G2194,0,0.333333333
G2195,0,0.288942696
G2196,0,0.119350282
G2197,0,0.223057644
G2198,0,0.111111111
G2199,0,0.092827004
G2200,0,0.196461825
G2201,0,0.100671141
G2202,0,0.333333333
G2203,0,0.227990971
G2204,0,0.050096339
G2205,0,0.217054264
G2206,0,0.109977324
G2207,0,0.070460705
G2208,0,0.391891892
G2209,0,0.265625
G2210,0,0.076628352
G2211,0,0.363799283
G2212,0,0.261904762
G2213,0,0.425120773
G2214,0,0.252497729
G2215,0,0.077294686
G2216,0,0.098039216
G2217,0,0.06935123
G2218,0,0.336538462
G2219,0,0.3188929
G2220,0,0.293222683
G2221,0,0.224561404
G2222,0,0.06504065
G2223,0,0.2
G2224,0,0.101669196
G2225,0,0.031835206
G2226,0,0.108628181
G2227,0,0.062678063
G2228,0,0.316091954
G2229,0,0.208053691
G2230,0,0.097949886
G2231,0,0.179414542
G2232,0,0.103609342
G2233,0,0.084415584
G2234,0,0.221972253
G2235,0,0.067765568
G2236,0,0.085858586
G2237,0,0.168350168
G2238,0,0.200603318
G2239,0,0.231593039
G2240,0,0.218253968
G2241,0,0.289236605
G2242,0,0.061366806
G2243,0,0.239280775
G2244,0,0.085365854
G2245,0,0.276556777
G2246,0,0.089613798
G2247,0,0.305602716
G2248,0,0.297273527
G2249,0,0.245742092
G2250,0,0.293447293
G2251,0,0.447761194
G2252,0,0.299435028
G2253,0,0.084889643
G2254,0,0.107773009
G2255,0,0.102918587
G2256,0,0.08045977
G2257,0,0.107404279
G2258,0,0.306113903
G2259,0,0.215873016
G2260,0,0.198159943
G2261,0,0.283185841
G2262,0,0.241650295
G2263,0,0.087591241
G2264,0,0.085131894
G2265,0,0.072463768
G2266,0,0.08974359
G2267,0,0.106496273
G2268,0,0.091176471
G2269,0,0.203751066
G2270,0,0.285140562
G2271,0,0.272316384
G2272,0,0.180076628
G2273,0,0.028665029
G2274,0,0.238831615
G2275,0,0.322580645
G2276,0,0.230452675
G2277,0,0.192678227
G2278,0,0.106273408
G2279,0,0.198245614
G2280,0,0.064564565
G2281,0,0.082763857
G2282,0,0.266327396
G2283,0,0.249042146
G2284,0,0.190909091
G2285,0,0.225490196
G2286,0,0.080200501
G2287,0,0.133333333
G2288,0,0.046972269
G2289,0,0.100574713
G2290,0,0.081659973
G2291,0,0.264150943
G2292,0,0.062714777
G2293,0,0.21372549
G2294,0,0.085626911
G2295,0,0.060606061
G2296,0,0.195710456
G2297,0,0.355555556
G2298,0,0.105263158
G2299,0,0.323181049
G2300,0,0.210526316
G2301,0,0.10192147
G2302,0,0.106598985
G2303,0,0.098039216
G2304,0,0.172413793
G2305,0,0.293532338
G2306,0,0.091060986
G2307,0,0.214074074
G2308,0,0.351121423
G2309,0,0.220720721
G2310,0,0.094358974
G2311,0,0.08245614
G2312,0,0.058908046
G2313,0,0.263969171
G2314,0,0.443942814
G2315,0,0.189393939
G2316,0,0.283261803
G2317,0,0.338178295
G2318,0,0.069525666
G2319,0,0.266666667
G2320,0,0.041666667
G2321,0,0.120567376
G2322,0,0.178861789
G2323,0,0.280487805
G2324,0,0.097130243
G2325,0,0.065065065
G2326,0,0.095497954
G2327,0,0.238442822
G2328,0,0.128440367
G2329,0,0.073717949
G2330,0,0.072507553
G2331,0,0.106382979
G2332,0,0.087719298
G2333,0,0.311336717
G2334,0,0.307017544
G2335,0,0.037878788
G2336,0,0.068829892
G2337,0,0.063365282
G2338,0,0.136054422
G2339,0,0.187649022
G2340,0,0.098328417
G2341,0,0.099547511
G2342,0,0.127906977
G2343,0,0.23633157
G2344,0,0.096376812
G2345,0,0.049095607
G2346,0,0.174041298
G2347,0,0.131313131
G2348,0,0.380952381
G2349,0,0.241134752
G2350,0,0.094650206
G2351,0,0.115384615
G2352,0,0.075757576
G2353,0,0.088122605
G2354,0,0.085365854
G2355,0,0.052114061
G2356,0,0.084057971
G2357,0,0.104046243
G2358,0,0.237681159
G2359,0,0.157894737
G2360,0,0.075539568
G2361,0,0.056410256
G2362,0,0.28647925
G2363,0,0.279569892
G2364,0,0.247542449
G2365,0,0.045779685
G2366,0,0.514957265
G2367,0,0.120915033
G2368,0,0.174931129
G2369,0,0.394265233
G2370,0,0.396396396
G2371,0,0.076779026
G2372,0,0.123873874
G2373,0,0.062706271
G2374,0,0.313028765
G2375,0,0.057692308
G2376,0,0.078583765
G2377,0,0.222222222
G2378,0,0.078534031
G2379,0,0.463963964
G2380,0,0.083333333
G2381,0,0.284210526
G2382,0,0.272965879
G2383,0,0.310077519
G2384,0,0.275290216
G2385,0,0.068783069
G2386,0,0.081300813
G2387,0,0.106382979
G2388,0,0.069651741
G2389,0,0.286290323
G2390,0,0.182078853
G2391,0,0.072987208
G2392,0,0.219839142
G2393,0,0.108974359
G2394,0,0.211363636
G2395,0,0.258215962
G2396,0,0.224137931
G2397,0,0.181818182
G2398,0,0.083870968
G2399,0,0.285470085
G2400,0,0.115384615
G2401,0,0.088781275
G2402,0,0.368421053
G2403,0,0.108831401
G2404,0,0.087719298
G2405,0,0.059144677
G2406,0,0.072727273
G2407,0,0.148809524
G2408,0,0.228142077
G2409,0,0.098765432
G2410,0,0.273746313
G2411,0,0.229712859
G2412,0,0.08968254
G2413,0,0.039215686
G2414,0,0.576179428
G2415,0,0.098484848
G2416,0,0.257575758
G2417,0,0.112318841
G2418,0,0.074487896
G2419,0,0.259259259
G2420,0,0.194805195
G2421,0,0.108225108
G2422,0,0.18875502
G2423,0,0.105464481
G2424,0,0.184699454
G2425,0,0.191460055
G2426,0,0.214922952
G2427,0,0.087087087
G2428,0,0.108877722
G2429,0,0.084084084
G2430,0,0.201388889
G2431,0,0.079365079
G2432,0,0.090909091
G2433,0,0.089201878
G2434,0,0.208080808
G2435,0,0.297435897
G2436,0,0.211576846
G2437,0,0.241545894
G2438,0,0.310801856
G2439,0,0.0609319
G2440,0,0.264615385
G2441,0,0.063405797
G2442,0,0.072916667
G2443,0,0.352159468
G2444,0,0.037664783
G2445,0,0.088484848
G2446,0,0.438356164
G2447,0,0.106382979
G2448,0,0.257425743
G2449,0,0.094298246
G2450,0,0.213017751
G2451,0,0.215320911
G2452,0,0.366319444
G2453,0,0.094858156
G2454,0,0.059095106
G2455,0,0.178714859
G2456,0,0.218380346
G2457,0,0.060803474
G2458,0,0.101538462
G2459,0,0.111111111
G2460,0,0.295275591
G2461,0,0.214559387
G2462,0,0.187878788
G2463,0,0.307103825
G2464,0,0.213541667
G2465,0,0.239263804
G2466,0,0.265553869
G2467,0,0.1875
G2468,0,0.196721311
G2469,0,0.280701754
G2470,0,0.345614035
G2471,0,0.086666667
G2472,0,0.073446328
G2473,0,0.073002755
G2474,0,0.140096618
G2475,0,0.105472637
G2476,0,0.082774049
G2477,0,0.130081301
G2478,0,0.325396825
G2479,0,0.1614205
G2480,0,0.139107612
G2481,0,0.108910891
G2482,0,0.052065648
G2483,0,0.446735395
G2484,0,0.079646018
G2485,0,0.097907324
G2486,0,0.094814815
G2487,0,0.041322314
G2488,0,0.192837466
G2489,0,0.239393939
G2490,0,0.231182796
G2491,0,0.228431373
G2492,0,0.044871795
G2493,0,0.063063063
G2494,0,0.202080238
G2495,0,0.218834688
G2496,0,0.075376884
G2497,0,0.276320791
G2498,0,0.092911877
G2499,0,0.048913043
G2500,0,0.248917749
G2501,0,0.074186992
G2502,0,0.203856749
G2503,0,0.167854315
G2504,0,0.08815427
G2505,0,0.175213675
G2506,0,0.046470063
G2507,0,0.045138889
G2508,0,0.15942029
G2509,0,0.259713701
G2510,0,0.096153846
G2511,0,0.102119461
G2512,0,0.164524422
G2513,0,0.231155779
G2514,0,0.31875
G2515,0,0.067121729
G2516,0,0.087962963
G2517,0,0.088972431
G2518,0,0.061094819
G2519,0,0.16966581
G2520,0,0.098039216
G2521,0,0.086153846
G2522,0,0.078014184
G2523,0,0.100207039
G2524,0,0.074534161
G2525,0,0.21217601
G2526,0,0.179084967
G2527,0,0.256272401
G2528,0,0.116391185
G2529,0,0.331196581
G2530,0,0.102564103
G2531,0,0.223097113
G2532,0,0.144144144
G2533,0,0.057077626
G2534,0,0.086538462
G2535,0,0.315422886
G2536,0,0.135416667
G2537,0,0.287439614
G2538,0,0.064220183
G2539,0,0.096866097
G2540,0,0.076305221
G2541,0,0.075801749
G2542,0,0.248366013
G2543,0,0.09491268
G2544,0,0.250253293
G2545,0,0.245130774
G2546,0,0.200913242
G2547,0,0.091924399
G2548,0,0.225589226
G2549,0,0.087570621
G2550,0,0.04526749
G2551,0,0.257575758
G2552,0,0.209471767
G2553,0,0.103286385
G2554,0,0.059139785
G2555,0,0.083333333
G2556,0,0.288557214
G2557,0,0.184126984
G2558,0,0.306273063
G2559,0,0.131531532
G2560,0,0.27856025
G2561,0,0.163841808
G2562,0,0.234848485
G2563,0,0.093189964
G2564,0,0.196261682
G2565,0,0.069580731
G2566,0,0.094527363
G2567,0,0.106837607
G2568,0,0.310272537
G2569,0,0.324404762
G2570,0,0.072796935
G2571,0,0.319371728
G2572,0,0.295454545
G2573,0,0.096045198
G2574,0,0.104588394
G2575,0,0.083900227
G2576,0,0.227138643
G2577,0,0.220125786
G2578,0,0.047109208
G2579,0,0.133333333
G2580,0,0.256802721
G2581,0,0.083857442
G2582,0,0.186311787
G2583,0,0.159695817
G2584,0,0.099242424
G2585,0,0.346481052
G2586,0,0.053113553
G2587,0,0.283882784
G2588,0,0.098265896
G2589,0,0.065065065
G2590,0,0.09273183
G2591,0,0.254901961
G2592,0,0.236015326
G2593,0,0.27037037
G2594,0,0.327808471
G2595,0,0.025396825
G2596,0,0.037777778
G2597,0,0.210796915
G2598,0,0.349577648
G2599,0,0.090225564
G2600,0,0.078534031
G2601,0,0.099616858
G2602,0,0.202614379
G2603,0,0.277108434
G2604,0,0.108108108
G2605,0,0.121052632
G2606,0,0.201974184
G2607,0,0.212121212
G2608,0,0.08045977
G2609,0,0.22741433
G2610,0,0.189189189
G2611,0,0.266244057
G2612,0,0.333333333
G2613,0,0.057017544
G2614,0,0.157333333
G2615,0,0.218973359
G2616,0,0.119266055
G2617,0,0.178861789
G2618,0,0.262511804
G2619,0,0.240684794
G2620,0,0.196428571
G2621,0,0.062832801
G2622,0,0.103626943
G2623,0,0.041047417
G2624,0,0.110738255
G2625,0,0.085961657
G2626,0,0.18875502
G2627,0,0.284963197
G2628,0,0.086580087
G2629,0,0.316804408
G2630,0,0.361853832
G2631,0,0.0657277
G2632,0,0.302
G2633,0,0.657385924
G2634,0,0.132398754
G2635,0,0.184079602
G2636,0,0.094017094
G2637,0,0.20552017
G2638,0,0.261682243
G2639,0,0.0703125
G2640,0,0.314330958
G2641,0,0.056125941
G2642,0,0.064236111
G2643,0,0.248451577
G2644,0,0.212992545
G2645,0,0.197368421
G2646,0,0.372093023
G2647,0,0.295302013
G2648,0,0.197293447
G2649,0,0.28668942
G2650,0,0.095833333
G2651,0,0.358730159
G2652,0,0.32037037
G2653,0,0.066894717
G2654,0,0.258730159
G2655,0,0.167366947
G2656,0,0.068874869
G2657,0,0.068686869
G2658,0,0.309859155
G2659,0,0.270944742
G2660,0,0.048635824
G2661,0,0.091451292
G2662,0,0.058949625
G2663,0,0.277777778
G2664,0,0.163043478
G2665,0,0.0861678
G2666,0,0.067956349
G2667,0,0.234567901
G2668,0,0.171253823
G2669,0,0.272108844
G2670,0,0.077327327
G2671,0,0.247863248
G2672,0,0.285833333
G2673,0,0.115044248
G2674,0,0.275151515
G2675,0,0.070967742
G2676,0,0.073073073
G2677,0,0.168803419
G2678,0,0.058165548
G2679,0,0.269503546
G2680,0,0.170343137
G2681,0,0.091954023
G2682,0,0.287037037
G2683,0,0.063806381
G2684,0,0.198268398
G2685,0,0.248538012
G2686,0,0.101960784
G2687,0,0.087404995
G2688,0,0.089430894
G2689,0,0.173789174
G2690,0,0.212962963
G2691,0,0.226525822
G2692,0,0.075308642
G2693,0,0.314393939
G2694,0,0.375886525
G2695,0,0.281573499
G2696,0,0.083743842
G2697,0,0.192934783
G2698,0,0.075897436
G2699,0,0.303571429
G2700,0,0.081320451
G2701,0,0.225694444
G2702,0,0.351945854
G2703,0,0.198067633
G2704,0,0.072820513
G2705,0,0.234309623
G2706,0,0.083333333
G2707,0,0.276937185
G2708,0,0.092336103
G2709,0,0.054487179
G2710,0,0.087102178
G2711,0,0.17962963
G2712,0,0.238543628
G2713,0,0.059620596
G2714,0,0.06984127
G2715,0,0.202205882
G2716,0,0.397968606
G2717,0,0.0781893
G2718,0,0.238292011
G2719,0,0.059225513
G2720,0,0.301324503
G2721,0,0.210045662
G2722,0,0.211538462
G2723,0,0.093478261
G2724,0,0.221354167
G2725,0,0.076648841
G2726,0,0.09375
G2727,0,0.080745342
G2728,0,0.110344828
G2729,0,0.314735336
G2730,0,0.169082126
G2731,0,0.314321926
G2732,0,0.186206897
G2733,0,0.058464223
G2734,0,0.091168091
G2735,0,0.089668616
G2736,0,0.099378882
G2737,0,0.248330298
G2738,0,0.205228758
G2739,0,0.096296296
G2740,0,0.264110756
G2741,0,0.222222222
G2742,0,0.176109537
G2743,0,0.280127331
G2744,0,0.058333333
G2745,0,0.281101614
G2746,0,0.250201776
G2747,0,0.17037037
G2748,0,0.274204029
G2749,0,0.191142191
G2750,0,0.195804196
G2751,0,0.076674738
G2752,0,0.353741497
G2753,0,0.233333333
G2754,0,0.326565144
G2755,0,0.037369208
G2756,0,0.078544061
G2757,0,0.102661597
G2758,0,0.058823529
G2759,0,0.096014493
G2760,0,0.116788321
G2761,0,0.04467354
G2762,0,0.074626866
G2763,0,0.092753623
G2764,0,0.317269076
G2765,0,0.521865889
G2766,0,0.055658627
G2767,0,0.238974359
G2768,0,0.209249859
G2769,0,0.352941176
G2770,0,0.225490196
G2771,0,0.253472222
G2772,0,0.24426079
G2773,0,0.292834891
G2774,0,0.070294785
G2775,0,0.3
G2776,0,0.032646048
G2777,0,0.314553991
G2778,0,0.111111111
G2779,0,0.063583815
G2780,0,0.205555556
G2781,0,0.056617127
G2782,0,0.224586288
G2783,0,0.258258258
G2784,0,0.390070922
G2785,0,0.362087327
G2786,0,0.048611111
G2787,0,0.307228916
G2788,0,0.258807588
G2789,0,0.206401766
G2790,0,0.107279693
G2791,0,0.104166667
G2792,0,0.092988376
G2793,0,0.069119287
G2794,0,0.167735043
G2795,0,0.111111111
G2796,0,0.227805695
G2797,0,0.343869732
G2798,0,0.102150538
G2799,0,0.172259508
G2800,0,0.054597701
G2801,0,0.226457399
G2802,0,0.091559371
G2803,0,0.107489994
G2804,0,0.199652778
G2805,0,0.178714859
G2806,0,0.062330623
G2807,0,0.068937551
G2808,0,0.299145299
G2809,0,0.111904762
G2810,0,0.049145299
G2811,0,0.192229039
G2812,0,0.229480737
G2813,0,0.342507645
G2814,0,0.461928934
G2815,0,0.253570185
G2816,0,0.075409836
G2817,0,0.220043573
G2818,0,0.088495575
G2819,0,0.250712251
G2820,0,0.287385129
G2821,0,0.046337818
G2822,0,0.511111111
G2823,0,0.080291971
G2824,0,0.322222222
G2825,0,0.086797958
G2826,0,0.229166667
G2827,0,0.025542784
G2828,0,0.103942652
G2829,0,0.178694158
G2830,0,0.07254902
G2831,0,0.099541585
G2832,0,0.137931034
G2833,0,0.060532688
G2834,0,0.361663653
G2835,0,0.207602339
G2836,0,0.397727273
G2837,0,0.097859327
G2838,0,0.087390762
G2839,0,0.201342282
G2840,0,0.06590621
G2841,0,0.265563436
G2842,0,0.267477204
G2843,0,0.098039216
G2844,0,0.210998878
G2845,0,0.108858859
G2846,0,0.159003831
G2847,0,0.230661041
G2848,0,0.279805353
G2849,0,0.08677686
G2850,0,0.086657497
G2851,0,0.16091954
G2852,0,0.259259259
G2853,0,0.074074074
G2854,0,0.279761905
G2855,0,0.072340426
G2856,0,0.138590203
G2857,0,0.099197666
G2858,0,0.046666667
G2859,0,0.034031414
G2860,0,0.08040201
G2861,0,0.079526227
G2862,0,0.178571429
G2863,0,0.226190476
G2864,0,0.097791798
G2865,0,0.395117541
G2866,0,0.249433107
G2867,0,0.25625
G2868,0,0.072222222
G2869,0,0.311646586
G2870,0,0.08
G2871,0,0.522709777
G2872,0,0.110559006
G2873,0,0.309129512
G2874,0,0.204342273
G2875,0,0.051643192
G2876,0,0.422916667
G2877,0,0.184782609
G2878,0,0.179487179
G2879,0,0.195454545
G2880,0,0.363762102
G2881,0,0.238596491
G2882,0,0.063291139
G2883,0,0.094444444
G2884,0,0.189710611
G2885,0,0.276595745
G2886,0,0.145631068
G2887,0,0.060528559
G2888,0,0.266381766
G2889,0,0.040968343
G2890,0,0.212765957
G2891,0,0.080128205
G2892,0,0.100250627
G2893,0,0.097907324
G2894,0,0.096922069
G2895,0,0.188953488
G2896,0,0.232891832
G2897,0,0.160386473
G2898,0,0.146347363
G2899,0,0.048587571
G2900,0,0.052083333
G2901,0,0.109704641
G2902,0,0.136150235
G2903,0,0.069616519
G2904,0,0.174953959
G2905,0,0.28600823
G2906,0,0.193236715
G2907,0,0.214583333
G2908,0,0.239669421
G2909,0,0.058479532
G2910,0,0.058441558
G2911,0,0.28125
G2912,0,0.280141844
G2913,0,0.109375
G2914,0,0.07360673
G2915,0,0.171940928
G2916,0,0.073405535
G2917,0,0.120422098
G2918,0,0.264840183
G2919,0,0.085626911
G2920,0,0.244821092
G2921,0,0.1
G2922,0,0.338164251
G2923,0,0.123188406
G2924,0,0.049715909
G2925,0,0.075
G2926,0,0.12244898
G2927,0,0.077075099
G2928,0,0.05982906
G2929,0,0.444794953
G2930,0,0.100401606
G2931,0,0.084093212
G2932,0,0.338271605
G2933,0,0.417336908
G2934,0,0.075438596
G2935,0,0.189448441
G2936,0,0.122699387
G2937,0,0.241408935
G2938,0,0.336050725
G2939,0,0.173160173
G2940,0,0.207336523
G2941,0,0.071596244
G2942,0,0.053763441
G2943,0,0.199154171
G2944,0,0.326047359
G2945,0,0.077858881
G2946,0,0.206896552
G2947,0,0.219264892
G2948,0,0.144444444
G2949,0,0.138183218
G2950,0,0.085858586
G2951,0,0.040229885
G2952,0,0.417190776
G2953,0,0.131782946
G2954,0,0.075117371
G2955,0,0.06983862
G2956,0,0.274509804
G2957,0,0.092074592
G2958,0,0.039290241
G2959,0,0.096774194
G2960,0,0.324675325
G2961,0,0.090322581
G2962,0,0.0456621
G2963,0,0.083107498
G2964,0,0.213004484
G2965,0,0.07751938
G2966,0,0.065104167
G2967,0,0.073583517
G2968,0,0.108843537
G2969,0,0.075362319
G2970,0,0.263565891
G2971,0,0.296861747
G2972,0,0.459803922
G2973,0,0.066276803
G2974,0,0.094660194
G2975,0,0.24906367
G2976,0,0.324675325
G2977,0,0.358208955
G2978,0,0.360824742
G2979,0,0.245283019
G2980,0,0.071129707
G2981,0,0.116465863
G2982,0,0.073880163
G2983,0,0.045454545
G2984,0,0.077380952
G2985,0,0.371069182
G2986,0,0.041666667
G2987,0,0.065217391
G2988,0,0.151422764
G2989,0,0.081521739
G2990,0,0.261306533
G2991,0,0.047770701
G2992,0,0.333333333
G2993,0,0.329768271
G2994,0,0.237179487
G2995,0,0.217761557
G2996,0,0.288461538
G2997,0,0.260465116
G2998,0,0.087301587
G2999,0,0.208333333
G3000,0,0.201465201
G3001,0,0.07979408
G3002,0,0.382222222
G3003,0,0.085128205
G3004,0,0.05973025
G3005,0,0.056737589
G3006,0,0.082750583
G3007,0,0.072222222
G3008,0,0.230703986
G3009,0,0.225895317
G3010,0,0.100584795
G3011,0,0.147656941
G3012,0,0.313253012
G3013,0,0.083333333
G3014,0,0.301282051
G3015,0,0.17440225
G3016,0,0.270602706
G3017,0,0.111861862
G3018,0,0.253521127
G3019,0,0.107526882
G3020,0,0.199004975
G3021,0,0.205387205
G3022,0,0.104613385
G3023,0,0.180041152
G3024,0,0.102011494
G3025,0,0.168091168
G3026,0,0.072883173
G3027,0,0.222446237
G3028,0,0.064912281
G3029,0,0.087486157
G3030,0,0.107806691
G3031,0,0.046099291
G3032,0,0.086529007
G3033,0,0.19468599
G3034,0,0.276041667
G3035,0,0.118518519
G3036,0,0.264900662
G3037,0,0.175956284
G3038,0,0.077643909
G3039,0,0.249348958
G3040,0,0.097560976
G3041,0,0.289855072
G3042,0,0.286858974
G3043,0,0.066017316
G3044,0,0.057017544
G3045,0,0.076708508
G3046,0,0.245179063
G3047,0,0.41509434
G3048,0,0.06573499
G3049,0,0.190635452
G3050,0,0.233918129
G3051,0,0.060778727
G3052,0,0.198378636
G3053,0,0.098290598
G3054,0,0.014675052
G3055,0,0.388278388
G3056,0,0.235294118
G3057,0,0.063267233
G3058,0,0.073961499
G3059,0,0.108225108
G3060,0,0.072871573
G3061,0,0.080321285
G3062,0,0.053272451
G3063,0,0.054669704
G3064,0,0.245257453
G3065,0,0.08388521
G3066,0,0.069767442
G3067,0,0.39800995
G3068,0,0.289377289
G3069,0,0.212669683
G3070,0,0.083333333
G3071,0,0.186379928
G3072,0,0.102564103
G3073,0,0.354166667
G3074,0,0.079638752
G3075,0,0.106382979
G3076,0,0.264705882
G3077,0,0.254504505
G3078,0,0.119402985
G3079,0,0.213675214
G3080,0,0.123188406
G3081,0,0.106714628
G3082,0,0.054572271
G3083,0,0.233171127
G3084,0,0.2
G3085,0,0.186736475
G3086,0,0.25023084
G3087,0,0.322683706
G3088,0,0.307189542
G3089,0,0.092063492
G3090,0,0.162318841
G3091,0,0.253205128
G3092,0,0.323879552
G3093,0,0.339233038
G3094,0,0.042253521
G3095,0,0.076328502
G3096,0,0.097014925
G3097,0,0.062278839
G3098,0,0.443099274
G3099,0,0.303030303
G3100,0,0.180205415
G3101,0,0.276470588
G3102,0,0.130434783
G3103,0,0.280400572
G3104,0,0.217630854
G3105,0,0.458702065
G3106,0,0.115812918
G3107,0,0.193502825
G3108,0,0.093495935
G3109,0,0.256410256
G3110,0,0.196774194
G3111,0,0.25059952
G3112,0,0.336644592
G3113,0,0.082291667
G3114,0,0.306666667
G3115,0,0.069491145
G3116,0,0.084714549
G3117,0,0.08839779
G3118,0,0.234920635
G3119,0,0.029850746
G3120,0,0.036312849
G3121,0,0.062146893
G3122,0,0.085626911
G3123,0,0.287581699
G3124,0,0.04109589
G3125,0,0.1002331
G3126,0,0.18159204
G3127,0,0.0651341
G3128,0,0.198198198
G3129,0,0.058165548
G3130,0,0.404825737
G3131,0,0.137777778
G3132,0,0.053427896
G3133,0,0.106186519
G3134,0,0.06959707
G3135,0,0.255319149
G3136,0,0.094202899
G3137,0,0.048484848
G3138,0,0.226525822
G3139,0,0.063636364
G3140,0,0.238471673
G3141,0,0.122994652
G3142,0,0.211458333
G3143,0,0.075541469
G3144,0,0.394112061
G3145,0,0.036832413
G3146,0,0.319159335
G3147,0,0.348360656
G3148,0,0.040145985
G3149,0,0.089147287
G3150,0,0.135869565
G3151,0,0.208722741
G3152,0,0.339347079
G3153,0,0.220871327
G3154,0,0.212560386
G3155,0,0.346938776
G3156,0,0.224009901
G3157,0,0.184726522
G3158,0,0.075425791
G3159,0,0.12628866
G3160,0,0.070833333
G3161,0,0.26443203
G3162,0,0.23048048
G3163,0,0.235294118
G3164,0,0.183400268
G3165,0,0.294117647
G3166,0,0.074509804
G3167,0,0.051155116
G3168,0,0.205673759
G3169,0,0.090209021
G3170,0,0.209546926
G3171,0,0.109195402
G3172,0,0.0456621
G3173,0,0.082066869
G3174,0,0.208847737
G3175,0,0.122410546
G3176,0,0.253703704
G3177,0,0.081967213
G3178,0,0.201851852
G3179,0,0.233333333
G3180,0,0.237213404
G3181,0,0.245098039
G3182,0,0.112794613
G3183,0,0.083542189
G3184,0,0.096666667
G3185,0,0.06557377
G3186,0,0.079037801
G3187,0,0.291762895
G3188,0,0.055370986
G3189,0,0.121568627
G3190,0,0.351377018
G3191,0,0.276393832
G3192,0,0.086720867
G3193,0,0.094417077
G3194,0,0.066666667
G3195,0,0.115127175
G3196,0,0.252181501
G3197,0,0.365128205
G3198,0,0.282208589
G3199,0,0.381420765
G3200,0,0.049233253
G3201,0,0.09439528
G3202,0,0.170859539
G3203,0,0.101075269
G3204,0,0.118629908
G3205,0,0.247850278
G3206,0,0.328912467
G3207,0,0.33
G3208,0,0.1953125
G3209,0,0.094372294
G3210,0,0.09375
G3211,0,0.230169647
G3212,0,0.233716475
G3213,0,0.263305322
G3214,0,0.193585338
G3215,0,0.283524904
G3216,0,0.07852194
G3217,0,0.087912088
G3218,0,0.186368477
G3219,0,0.049726776
G3220,0,0.338129496
G3221,0,0.269972452
G3222,0,0.078362573
G3223,0,0.082051282
G3224,0,0.171212121
G3225,0,0.207713499
G3226,0,0.059336824
G3227,0,0.111111111
G3228,0,0.038518519
G3229,0,0.329861111
G3230,0,0.12868801
G3231,0,0.16953317
G3232,0,0.118181818
G3233,0,0.229885057
G3234,0,0.070175439
G3235,0,0.068728522
G3236,0,0.167587477
G3237,0,0.304347826
G3238,0,0.078431373
G3239,0,0.234082397
G3240,0,0.078580482
G3241,0,0.06462585
G3242,0,0.221393035
G3243,0,0.33255814
G3244,0,0.101175483
G3245,0,0.297458894
G3246,0,0.239229025
G3247,0,0.221483942
G3248,0,0.235596708
G3249,0,0.298353909
G3250,0,0.27340824
G3251,0,0.074879227
G3252,0,0.333333333
G3253,0,0.099756691
G3254,0,0.047619048
G3255,0,0.082251082
G3256,0,0.072327044
G3257,0,0.088729017
G3258,0,0.301020408
G3259,0,0.181015453
G3260,0,0.4757004
G3261,0,0.204049844
G3262,0,0.281512605
G3263,0,0.081460674
G3264,0,0.22605364
G3265,0,0.114324143
G3266,0,0.075854701
G3267,0,0.365296804
G3268,0,0.398467433
G3269,0,0.081320451
G3270,0,0.195011338
G3271,0,0.214285714
G3272,0,0.196347032
G3273,0,0.223958333
G3274,0,0.107801418
G3275,0,0.056410256
G3276,0,0.088
G3277,0,0.272604588
G3278,0,0.328066215
G3279,0,0.113178295
G3280,0,0.228915663
G3281,0,0.232931727
G3282,0,0.344202899
G3283,0,0.140350877
G3284,0,0.041551247
G3285,0,0.275362319
G3286,0,0.092447917
G3287,0,0.281976744
G3288,0,0.276923077
G3289,0,0.242331288
G3290,0,0.232492997
G3291,0,0.391304348
G3292,0,0.043360434
G3293,0,0.113425926
G3294,0,0.053482587
G3295,0,0.121212121
G3296,0,0.116838488
G3297,0,0.112231183
G3298,0,0.0859375
G3299,0,0.187214612
G3300,0,0.168560606
G3301,0,0.077380952
G3302,0,0.161651917
G3303,0,0.284477427
G3304,0,0.236842105
G3305,0,0.048640916
G3306,0,0.101851852
G3307,0,0.25
G3308,0,0.114035088
G3309,0,0.108148148
G3310,0,0.069047619
G3311,0,0.110843373
G3312,0,0.106467662
G3313,0,0.126126126
G3314,0,0.107438017
G3315,0,0.100346021
G3316,0,0.275486012
G3317,0,0.243589744
G3318,0,0.234899329
G3319,0,0.0625
G3320,0,0.184782609
G3321,0,0.393162393
G3322,0,0.240530303
G3323,0,0.203703704
G3324,0,0.186458333
G3325,0,0.220238095
G3326,0,0.259365994
G3327,0,0.198974359
G3328,0,0.308207705
G3329,0,0.287262873
G3330,0,0.075151515
G3331,0,0.100621118
G3332,0,0.23245614
G3333,0,0.259259259
G3334,0,0.363984674
G3335,0,0.117886179
G3336,0,0.084552846
G3337,0,0.201234568
G3338,0,0.333333333
G3339,0,0.197660819
G3340,0,0.297239915
G3341,0,0.378787879
G3342,0,0.058760684
G3343,0,0.108333333
G3344,0,0.09902371
G3345,0,0.230769231
G3346,0,0.072916667
G3347,0,0.079710145
G3348,0,0.074433657
G3349,0,0.278846154
G3350,0,0.178016726
G3351,0,0.066951567
G3352,0,0.183333333
G3353,0,0.041218638
G3354,0,0.028985507
G3355,0,0.160968661
G3356,0,0.086744639
G3357,0,0.26440678
G3358,0,0.059210526
G3359,0,0.326129666
G3360,0,0.093023256
G3361,0,0.07922272
G3362,0,0.125125125
G3363,0,0.172
G3364,0,0.229674797
G3365,0,0.082465278
G3366,0,0.247704145
G3367,0,0.259780908
G3368,0,0.085714286
G3369,0,0.214611872
G3370,0,0.226415094
G3371,0,0.117059243
G3372,0,0.097222222
G3373,0,0.284090909
G3374,0,0.122374429
G3375,0,0.095238095
G3376,0,0.245614035
G3377,0,0.107388316
G3378,0,0.392037787
G3379,0,0.115044248
G3380,0,0.41708126
G3381,0,0.188596491
G3382,0,0.24
G3383,0,0.37995338
G3384,0,0.092198582
G3385,0,0.074906367
G3386,0,0.08
G3387,0,0.077796706
G3388,0,0.23510467
G3389,0,0.070238095
G3390,0,0.325925926
G3391,0,0.225092251
G3392,0,0.204778157
G3393,0,0.372340426
G3394,0,0.076190476
G3395,0,0.184713376
G3396,0,0.120567376
G3397,0,0.409487613
G3398,0,0.092682927
G3399,0,0.107103825
G3400,0,0.080267559
G3401,0,0.084291188
G3402,0,0.084507042
G3403,0,0.106344951
G3404,0,0.277013752
G3405,0,0.028052805
G3406,0,0.239583333
G3407,0,0.230769231
G3408,0,0.061653117
G3409,0,0.183927561
G3410,0,0.102112676
G3411,0,0.212121212
G3412,0,0.260047281
G3413,0,0.268199234
G3414,0,0.206521739
G3415,0,0.184068059
G3416,0,0.170958512
G3417,0,0.091734787
G3418,0,0.212454212
G3419,0,0.083333333
G3420,0,0.078982597
G3421,0,0.385620915
G3422,0,0.17053206
G3423,0,0.186609687
G3424,0,0.06405694
G3425,0,0.180735931
G3426,0,0.095774648
G3427,0,0.292592593
G3428,0,0.0657277
G3429,0,0.058479532
G3430,0,0.13836478
G3431,0,0.062962963
G3432,0,0.361904762
G3433,0,0.305630027
G3434,0,0.080233406
G3435,0,0.216499762
G3436,0,0.093189964
G3437,0,0.235094851
G3438,0,0.069651741
G3439,0,0.32300885
G3440,0,0.274404762
G3441,0,0.215962441
G3442,0,0.085365854
G3443,0,0.434837093
G3444,0,0.133786848
G3445,0,0.041889483
G3446,0,0.197568389
G3447,0,0.209602955
G3448,0,0.114427861
G3449,0,0.067005937
G3450,0,0.218390805
G3451,0,0.295212766
G3452,0,0.496732026
G3453,0,0.084337349
G3454,0,0.071942446
G3455,0,0.107899807
G3456,0,0.034612491
G3457,0,0.108614232
G3458,0,0.220357942
G3459,0,0.291834003
G3460,0,0.410071942
G3461,0,0.064896755
G3462,0,0.198356808
G3463,0,0.104347826
G3464,0,0.261854211
G3465,0,0.048888889
G3466,0,0.237668161
G3467,0,0.327956989
G3468,0,0.065833333
G3469,0,0.101851852
G3470,0,0.048611111
G3471,0,0.193573364
G3472,0,0.019704433
G3473,0,0.239808153
G3474,0,0.062943262
G3475,0,0.211610487
G3476,0,0.049832496
G3477,0,0.080610022
G3478,0,0.06031746
G3479,0,0.247395833
G3480,0,0.166666667
G3481,0,0.040690506
G3482,0,0.279693487
G3483,0,0.244803695
G3484,0,0.2
G3485,0,0.112769486
G3486,0,0.281481481
G3487,0,0.045177045
G3488,0,0.329598506
G3489,0,0.052
G3490,0,0.0861678
G3491,0,0.096774194
G3492,0,0.134751773
G3493,0,0.118721461
G3494,0,0.082251082
G3495,0,0.105263158
G3496,0,0.104741684
G3497,0,0.326315789
G3498,0,0.044776119
G3499,0,0.112227806
G3500,0,0.081659973
G3501,0,0.217592593
G3502,0,0.034400949
G3503,0,0.17370892
G3504,0,0.086687307
G3505,0,0.064052288
G3506,0,0.073627845
G3507,0,0.063567739
G3508,0,0.228464419
G3509,0,0.316973415
G3510,0,0.498481663
G3511,0,0.197530864
G3512,0,0.066666667
G3513,0,0.177993528
G3514,0,0.412054121
G3515,0,0.174174174
G3516,0,0.064814815
G3517,0,0.059221658
G3518,0,0.159817352
G3519,0,0.03525641
G3520,0,0.231729055
G3521,0,0.431844215
G3522,0,0.453333333
G3523,0,0.085106383
G3524,0,0.215277778
G3525,0,0.317307692
G3526,0,0.08357075
G3527,0,0.276315789
G3528,0,0.08035371
G3529,0,0.205816555
G3530,0,0.226089015
G3531,0,0.262382865
G3532,0,0.100401606
G3533,0,0.091503268
G3534,0,0.104693141
G3535,0,0.100840336
G3536,0,0.223924143
G3537,0,0.095486111
G3538,0,0.103343465
G3539,0,0.285956007
G3540,0,0.196078431
G3541,0,0.462406015
G3542,0,0.235890653
G3543,0,0.046099291
G3544,0,0.231974922
G3545,0,0.081936685
G3546,0,0.108943089
G3547,0,0.054263566
G3548,0,0.274410774
G3549,0,0.050632911
G3550,0,0.216802168
G3551,0,0.24122807
G3552,0,0.2375
G3553,0,0.128930818
G3554,0,0.253436426
G3555,0,0.195652174
G3556,0,0.082417582
G3557,0,0.489144317
G3558,0,0.422733078
G3559,0,0.267938238
G3560,0,0.057142857
G3561,0,0.069142724
G3562,0,0.16091954
G3563,0,0.080701754
G3564,0,0.137254902
G3565,0,0.236842105
G3566,0,0.237179487
G3567,0,0.179487179
G3568,0,0.269076305
G3569,0,0.07977208
G3570,0,0.142857143
G3571,0,0.097744361
G3572,0,0.086285195
G3573,0,0.122383253
G3574,0,0.25877193
G3575,0,0.109869646
G3576,0,0.065789474
G3577,0,0.244306418
G3578,0,0.240112994
G3579,0,0.09009009
G3580,0,0.176282051
G3581,0,0.480589023
G3582,0,0.401844532
G3583,0,0.308062575
G3584,0,0.333333333
G3585,0,0.115281501
G3586,0,0.164705882
G3587,0,0.104683196
G3588,0,0.252307692
G3589,0,0.086666667
G3590,0,0.215562566
G3591,0,0.157291667
G3592,0,0.09047619
G3593,0,0.258799172
G3594,0,0.074074074
G3595,0,0.102150538
G3596,0,0.213768116
G3597,0,0.30183727
G3598,0,0.301392301
G3599,0,0.056306306
G3600,0,0.102040816
G3601,0,0.280049566
G3602,0,0.204968944
G3603,0,0.090209021
G3604,0,0.062801932
G3605,0,0.4639866
G3606,0,0.099319728
G3607,0,0.226238286
G3608,0,0.257731959
G3609,0,0.171091445
G3610,0,0.249201278
G3611,0,0.275482094
G3612,0,0.094801223
G3613,0,0.109691161
G3614,0,0.261648746
G3615,0,0.305494505
G3616,0,0.324404762
G3617,0,0.337915235
G3618,0,0.215311005
G3619,0,0.213983051
G3620,0,0.030351438
G3621,0,0.203579418
G3622,0,0.02173913
G3623,0,0.340501792
G3624,0,0.086629002
G3625,0,0.328735632
G3626,0,0.170022371
G3627,0,0.260869565
G3628,0,0.097844113
G3629,0,0.29769392
G3630,0,0.242798354
G3631,0,0.095458045
G3632,0,0.206997085
G3633,0,0.266888151
G3634,0,0.072961373
G3635,0,0.390710383
G3636,0,0.10791993
G3637,0,0.107843137
G3638,0,0.290819902
G3639,0,0.283333333
G3640,0,0.065989848
G3641,0,0.074525745
G3642,0,0.226190476
G3643,0,0.224444444
G3644,0,0.057017544
G3645,0,0.088541667
G3646,0,0.226252159
G3647,0,0.119212963
G3648,0,0.212230216
G3649,0,0.360824742
G3650,0,0.057632399
G3651,0,0.163591636
G3652,0,0.222457627
G3653,0,0.048913043
G3654,0,0.033057851
G3655,0,0.104166667
G3656,0,0.089285714
G3657,0,0.093144208
G3658,0,0.202312139
G3659,0,0.199561404
G3660,0,0.063260341
G3661,0,0.096866097
G3662,0,0.229700855
G3663,0,0.609341826
G3664,0,0.097069597
G3665,0,0.08997955
G3666,0,0.110328638
G3667,0,0.270588235
G3668,0,0.177177177
G3669,0,0.198198198
G3670,0,0.477929985
G3671,0,0.100497512
G3672,0,0.059139785
G3673,0,0.095369097
G3674,0,0.053491828
G3675,0,0.325994318
G3676,0,0.390625
G3677,0,0.211845103
G3678,0,0.169811321
G3679,0,0.225266362
G3680,0,0.151680291
G3681,0,0.064864865
G3682,0,0.189189189
G3683,0,0.079654286
G3684,0,0.123429416
G3685,0,0.121929026
G3686,0,0.112318841
G3687,0,0.088333333
G3688,0,0.055712937
G3689,0,0.19239905
G3690,0,0.468164794
G3691,0,0.066666667
G3692,0,0.074626866
G3693,0,0.049608355
G3694,0,0.375527426
G3695,0,0.326086957
G3696,0,0.264317181
G3697,0,0.309259259
G3698,0,0.065909091
G3699,0,0.111533587
G3700,0,0.131868132
G3701,0,0.054131054
G3702,0,0.043137255
G3703,0,0.229365079
G3704,0,0.103539356
G3705,0,0.076628352
G3706,0,0.070137383
G3707,0,0.302390999
G3708,0,0.289529915
G3709,0,0.39748954
G3710,0,0.315628816
G3711,0,0.122302158
G3712,0,0.188824663
G3713,0,0.109243697
G3714,0,0.1678487
G3715,0,0.067430025
G3716,0,0.282051282
G3717,0,0.056306306
G3718,0,0.035897436
G3719,0,0.189342404
G3720,0,0.194003527
G3721,0,0.111721612
G3722,0,0.454138702
G3723,0,0.068273092
G3724,0,0.072562358
G3725,0,0.077858881
G3726,0,0.07
G3727,0,0.08781362
G3728,0,0.306338028
G3729,0,0.089089089
G3730,0,0.283333333
G3731,0,0.063596491
G3732,0,0.092868988
G3733,0,0.404612159
G3734,0,0.260340633
G3735,0,0.073279714
G3736,0,0.070950469
G3737,0,0.181353768
G3738,0,0.075601375
G3739,0,0.034602076
G3740,0,0.236971485
G3741,0,0.10990991
G3742,0,0.075833333
G3743,0,0.072202166
G3744,0,0.038011696
G3745,0,0.287981859
G3746,0,0.088122605
G3747,0,0.204614451
G3748,0,0.095238095
G3749,0,0.174343735
G3750,0,0.195652174
G3751,0,0.20790378
G3752,0,0.383633634
G3753,0,0.043010753
G3754,0,0.231770833
G3755,0,0.061923584
G3756,0,0.025537634
G3757,0,0.21114106
G3758,0,0.166002656
G3759,0,0.09273183
G3760,0,0.269125683
G3761,0,0.105470953
G3762,0,0.219512195
G3763,0,0.085918854
G3764,0,0.33963964
G3765,0,0.09039548
G3766,0,0.087719298
G3767,0,0.187214612
G3768,0,0.071818891
G3769,0,0.272047833
G3770,0,0.065808298
G3771,0,0.22039072
G3772,0,0.087719298
G3773,0,0.084
G3774,0,0.327868852
G3775,0,0.141141141
G3776,0,0.087761675
G3777,0,0.06443299
G3778,0,0.338164251
G3779,0,0.517241379
G3780,0,0.08161512
G3781,0,0.276034561
G3782,0,0.098452883
G3783,0,0.070446735
G3784,0,0.076761304
G3785,0,0.216450216
G3786,0,0.083333333
G3787,0,0.218390805
G3788,0,0.093495935
G3789,0,0.085714286
G3790,0,0.070175439
G3791,0,0.090172239
G3792,0,0.201587302
G3793,0,0.108452951
G3794,0,0.082867784
G3795,0,0.085789129
G3796,0,0.068027211
G3797,0,0.391734052
G3798,0,0.238505747
G3799,0,0.018867925
G3800,0,0.172995781
G3801,0,0.101960784
G3802,0,0.107142857
G3803,0,0.072727273
G3804,0,0.270769231
G3805,0,0.199661591
G3806,0,0.057736721
G3807,0,0.195160031
G3808,0,0.088122605
G3809,0,0.314814815
G3810,0,0.220385675
G3811,0,0.269151139
G3812,0,0.080645161
G3813,0,0.105756359
G3814,0,0.321212121
G3815,0,0.401709402
G3816,0,0.252777778
G3817,0,0.090909091
G3818,0,0.226744186
G3819,0,0.284679089
G3820,0,0.096774194
G3821,0,0.187468672
G3822,0,0.237486688
G3823,0,0.084677419
G3824,0,0.079939668
G3825,0,0.101918465
G3826,0,0.236694678
G3827,0,0.275362319
G3828,0,0.089605735
G3829,0,0.324074074
G3830,0,0.666666667
G3831,0,0.213333333
G3832,0,0.318996416
G3833,0,0.387799564
G3834,0,0.09039548
G3835,0,0.108108108
G3836,0,0.035119048
G3837,0,0.209439528
G3838,0,0.049673203
G3839,0,0.120567376
G3840,0,0.310116086
G3841,0,0.307878788
G3842,0,0.372427984
G3843,0,0.201072386
G3844,0,0.194444444
G3845,0,0.212669683
G3846,0,0.259625963
G3847,0,0.250944287
G3848,0,0.048245614
G3849,0,0.079812207
G3850,0,0.114035088
G3851,0,0.060240964
G3852,0,0.163949275
G3853,0,0.097323601
G3854,0,0.152905199
G3855,0,0.186746988
G3856,0,0.57615894
G3857,0,0.1125
G3858,0,0.221534653
G3859,0,0.201754386
G3860,0,0.089521452
G3861,0,0.434476693
G3862,0,0.094736842
G3863,0,0.089268756
G3864,0,0.080610022
G3865,0,0.193643755
G3866,0,0.048484848
G3867,0,0.357798165
G3868,0,0.44363104
G3869,0,0.205555556
G3870,0,0.055555556
G3871,0,0.043010753
G3872,0,0.173611111
G3873,0,0.033962264
G3874,0,0.08045977
G3875,0,0.041666667
G3876,0,0.180989583
G3877,0,0.250559284
G3878,0,0.198501873
G3879,0,0.060963618
G3880,0,0.273037543
G3881,0,0.289183223
G3882,0,0.314393939
G3883,0,0.3359375
G3884,0,0.050125313
G3885,0,0.528735632
G3886,0,0.024444444
G3887,0,0.323383085
G3888,0,0.298022599
G3889,0,0.111502347
G3890,0,0.058981233
G3891,0,0.046391753
G3892,0,0.108927109
G3893,0,0.219461698
G3894,0,0.296491228
G3895,0,0.086513995
G3896,0,0.05982906
G3897,0,0.283381364
G3898,0,0.186567164
G3899,0,0.278867102
G3900,0,0.072239422
G3901,0,0.105263158
G3902,0,0.085073473
G3903,0,0.201201201
G3904,0,0.325034578
G3905,0,0.0625
G3906,0,0.086956522
G3907,0,0.186206897
G3908,0,0.226238286
G3909,0,0.066056911
G3910,0,0.111111111
G3911,0,0.051967335
G3912,0,0.461538462
G3913,0,0.053639847
G3914,0,0.20414673
G3915,0,0.125603865
G3916,0,0.334739803
G3917,0,0.072154472
G3918,0,0.060240964
G3919,0,0.244949495
G3920,0,0.196180556
G3921,0,0.07079646
G3922,0,0.0861678
G3923,0,0.121212121
G3924,0,0.270707071
G3925,0,0.279731993
G3926,0,0.085585586
G3927,0,0.281045752
G3928,0,0.263392857
G3929,0,0.106060606
G3930,0,0.050617284
G3931,0,0.181818182
G3932,0,0.080536913
G3933,0,0.224310777
G3934,0,0.0657277
G3935,0,0.273809524
G3936,0,0.088477366
G3937,0,0.078853047
G3938,0,0.215873016
G3939,0,0.076502732
G3940,0,0.244791667
G3941,0,0.060897436
G3942,0,0.150984683
G3943,0,0.292792793
G3944,0,0.285412899
G3945,0,0.088967972
G3946,0,0.101190476
G3947,0,0.056125941
G3948,0,0.103792415
G3949,0,0.10323089
G3950,0,0.316901408
G3951,0,0.057279236
G3952,0,0.105955143
G3953,0,0.108075288
G3954,0,0.186186186
G3955,0,0.311111111
G3956,0,0.248888889
G3957,0,0.125
G3958,0,0.08976558
G3959,0,0.09562109
G3960,0,0.089490969
G3961,0,0.067502987
G3962,0,0.098958333
G3963,0,0.204216074
G3964,0,0.114285714
G3965,0,0.458689459
G3966,0,0.084985836
G3967,0,0.109126984
G3968,0,0.292237443
G3969,0,0.359543011
G3970,0,0.239751553
G3971,0,0.199661591
G3972,0,0.072327044
G3973,0,0.18117854
G3974,0,0.032421479
G3975,0,0.084444444
G3976,0,0.189655172
G3977,0,0.188596491
G3978,0,0.091549296
G3979,0,0.307116105
G3980,0,0.127478754
G3981,0,0.115789474
G3982,0,0.216145833
G3983,0,0.105050505
G3984,0,0.080679406
G3985,0,0.474333983
G3986,0,0.08008658
G3987,0,0.309803922
G3988,0,0.095860566
G3989,0,0.052631579
G3990,0,0.199004975
G3991,0,0.269953052
G3992,0,0.116312057
G3993,0,0.211838006
G3994,0,0.342613215
G3995,0,0.210970464
G3996,0,0.293650794
G3997,0,0.228070175
G3998,0,0.090702948
G3999,0,0.089469517
G4000,0,0.142028986
