gene,insdens,status
G1,0.079812207,0
G2,0.020304569,1
G3,0.074542897,0
G4,0.009333333,1
G5,0.265671642,0
G6,0.005102041,1
G7,0.098339719,0
G8,0.010989011,1
G9,0.007201646,1
G10,0.01179941,1
G11,0.010840108,1
G12,0.114261168,0
G13,0.016260163,1
G14,0.075880759,0
G15,0.035877365,1
G16,0.008130081,1
G17,0.006734007,1
G18,0.149253731,0
G19,0.00280112,1
G20,0.093189964,0
G21,0.009287926,1
G22,0.24958124,0
G23,0.023809524,1
G24,0.095004095,0
G25,0.023529412,1
G26,0.075498575,0
G27,0.01994302,1
G28,0.011157601,1
G29,0.051506317,0
G30,0.010989011,1
G31,0.021442495,1
G32,0.023838882,1
G33,0.015607581,1
G34,0.039351852,0
G35,0.02002002,1
G36,0.277070064,0
G37,0.001984127,1
G38,0.329949239,0
G39,0.024054983,1
G40,0.078362573,0
G41,0.006006006,1
G42,0.106557377,0
G43,0.027989822,1
G44,0.186440678,0
G45,0.020257827,1
G46,0.218390805,0
G47,0.008071025,1
G48,0.11023622,0
G49,0.042042042,1
G50,0.101086048,0
G51,0.00456621,1
G52,0.203389831,0
G53,0.014326648,1
G54,0.014418999,1
G55,0.090808416,0
G56,0.008791209,1
G57,0.029850746,1
G58,0.033500838,0
G59,0.026365348,1
G60,0.111464968,0
G61,0.005722461,1
G62,0.014306152,1
G63,0.012263099,1
G64,0.235507246,0
G65,0.006493506,1
G66,0.038535645,1
G67,0.102303523,0
G68,0.019157088,1
G69,0.066934404,0
G70,0.026246719,1
G71,0.211271851,0
G72,0.018691589,1
G73,0.021838035,1
G74,0.09375,0
G75,0.022988506,1
G76,0.512077295,0
G77,0.008032129,1
G78,0.037021396,0
G79,0.003472222,1
G80,0.053787879,0
G81,0.005185185,1
G82,0.010948905,1
G83,0.010582011,1
G84,0.023877746,1
G85,0.085346216,0
G86,0.023809524,1
G87,0.179839633,0
G88,0.101851852,0
G89,0.004385965,1
G90,0.393162393,0
G91,0.007936508,1
G92,0.213541667,0
G93,0.024390244,1
G94,0.015151515,1
G95,0.014367816,1
G96,0.052238806,0
G97,0.03652968,1
G98,0.071229827,0
G99,0.014492754,1
G100,0.109452736,0
G101,0.01605288,1
G102,0.004819277,1
G103,0.01754386,1
G104,0.246376812,0
G105,0.006060606,1
G106,0.209386282,0
G107,0.001436782,1
G108,0.010964912,1
G109,0.013157895,1
G110,0.095041322,0
G111,0.005847953,1
G112,0.08719346,0
G113,0.026041667,1
G114,0.043209877,0
G115,0.003968254,1
G116,0.2109375,0
G117,0.010463378,1
G118,0.071038251,0
G119,0.009009009,1
G120,0.058333333,0
G121,0.006535948,1
G122,0.089141773,0
G123,0.009592326,1
G124,0.264334305,0
G125,0.016579407,1
G126,0.283687943,0
G127,0.004528986,1
G128,0.013953488,1
G129,0.006006006,1
G130,0.070175439,0
G131,0.014492754,1
G132,0.061810155,0
G133,0.023709902,1
G134,0.255427842,0
G135,0.021276596,1
G136,0.019900498,1
G137,0.328407225,0
G138,0.033333333,1
G139,0.176470588,0
G140,0.00243309,1
G141,0.084598698,0
G142,0.010416667,1
G143,0.108384458,0
G144,0.023310023,1
G145,0.002275313,1
G146,0.384615385,0
G147,0.004941087,1
G148,0.233830846,0
G149,0.003093581,1
G150,0.21179302,0
G151,0.007407407,1
G152,0.274774775,0
G153,0.02811245,1
G154,0.106382979,0
G155,0.003401361,1
G156,0.008928571,1
G157,0.027462121,1
G158,0.01754386,1
G159,0.268115942,0
G160,0.009230769,1
G161,0.025974026,1
G162,0.019047619,1
G163,0.253030303,0
G164,0.063041765,1
G165,0.049828179,0
G166,0.002624672,1
G167,0.133492253,0
G168,0.037558685,1
G169,0.243386243,0
G170,0.029573935,1
G171,0.007454739,1
G172,0.003703704,1
G173,0.02978236,1
G174,0.211001642,0
G175,0.005882353,1
G176,0.072570726,0
G177,0.002415459,1
G178,0.006379585,1
G179,0.018390805,1
G180,0.227197347,0
G181,0.019157088,1
G182,0.063232831,0
G183,0.002178649,1
G184,0.217261905,0
G185,0.015576324,1
G186,0.024928775,1
G187,0.001966568,1
G188,0.058454106,0
G189,0.001943635,1
G190,0.280701754,0
G191,0.00528169,1
G192,0.251412429,0
G193,0.004273504,1
G194,0.21875,0
G195,0.033639144,1
G196,0.070512821,0
G197,0.007407407,1
G198,0.24137931,0
G199,0.026570048,1
G200,0.15625,0
G201,0.037483266,1
G202,0.347826087,0
G203,0.014184397,1
G204,0.301960784,0
G205,0.033707865,1
G206,0.001557632,1
G207,0.090666667,0
G208,0.019927536,1
G209,0.027681661,1
G210,0.030230708,1
G211,0.020606061,1
G212,0.055555556,0
G213,0.041373927,1
G214,0.02785265,1
G215,0.091880342,0
G216,0.007751938,1
G217,0.004181601,1
G218,0.003921569,1
G219,0.335748792,0
G220,0.007246377,1
G221,0.075630252,0
G222,0.037974684,1
G223,0.206666667,0
G224,0.006410256,1
G225,0.260312945,0
G226,0.005102041,1
G227,0.198198198,0
G228,0.011764706,1
G229,0.352083333,0
G230,0.004535147,1
G231,0.108303249,0
G232,0.020618557,1
G233,0.019607843,1
G234,0.024344569,1
G235,0.004784689,1
G236,0.092970522,0
G237,0.004347826,1
G238,0.231060606,0
G239,0.02962963,1
G240,0.098138748,0
G241,0.019157088,1
G242,0.030481809,1
G243,0.003255208,1
G244,0.016583748,1
G245,0.074074074,0
G246,0.578468299,0
G247,0.01048218,1
G248,0.048888889,0
G249,0.019197208,1
G250,0.061749571,0
G251,0.005698006,1
G252,0.055555556,0
G253,0.005555556,1
G254,0.044247788,1
G255,0.026097272,1
G256,0.186544343,0
G257,0.005208333,1
G258,0.00896861,1
G259,0.278486998,0
G260,0.016385049,1
G261,0.109195402,0
G262,0.013108614,1
G263,0.171361502,0
G264,0.019607843,1
G265,0.104238259,0
G266,0.007960199,1
G267,0.077963405,0
G268,0.003521127,1
G269,0.024282561,1
G270,0.199481865,0
G271,0.03286385,1
G272,0.166666667,0
G273,0.01754386,1
G274,0.096514745,0
G275,0.017980636,1
G276,0.054644809,0
G277,0.003968254,1
G278,0.081140351,0
G279,0.008726003,1
G280,0.266666667,0
G281,0.025925926,1
G282,0.047826087,0
G283,0.012820513,1
G284,0.030894309,1
G285,0.098039216,0
G286,0.011680144,1
G287,0.309083436,0
G288,0.041025641,1
G289,0.106280193,0
G290,0.031746032,1
G291,0.228026534,0
G292,0.007272727,1
G293,0.06291834,0
G294,0.013664596,1
G295,0.006610009,1
G296,0.036474164,1
G297,0.073136428,0
G298,0.027607362,1
G299,0.261904762,0
G300,0.005228758,1
G301,0.023333333,1
G302,0.318518519,0
G303,0.004385965,1
G304,0.09718173,0
G305,0.011737089,1
G306,0.026528258,1
G307,0.028520499,1
G308,0.327664399,0
G309,0.021164021,1
G310,0.101174345,0
G311,0.008658009,1
G312,0.009114583,1
G313,0.026315789,1
G314,0.046825397,0
G315,0.004357298,1
G316,0.004789272,1
G317,0.23048048,0
G318,0.003003003,1
G319,0.191011236,0
G320,0.009718173,1
G321,0.408029879,0
G322,0.00913242,1
G323,0.055676067,0
G324,0.057845264,0
G325,0.105756359,0
G326,0.310861423,0
G327,0.260416667,0
G328,0.204545455,0
G329,0.062271062,0
G330,0.058201058,0
G331,0.222222222,0
G332,0.118421053,0
G333,0.041666667,0
G334,0.194037146,0
G335,0.203732504,0
G336,0.192913386,0
G337,0.085106383,0
G338,0.075949367,0
G339,0.128654971,0
G340,0.280701754,0
G341,0.225185185,0
G342,0.100103199,0
G343,0.154553049,0
G344,0.214511041,0
G345,0.088888889,0
G346,0.17370892,0
G347,0.264840183,0
G348,0.361904762,0
G349,0.048814505,0
G350,0.083333333,0
G351,0.303212851,0
G352,0.077858881,0
G353,0.276330076,0
G354,0.069306931,0
G355,0.033214709,0
G356,0.08045977,0
G357,0.084337349,0
G358,0.102150538,0
G359,0.185550082,0
G360,0.087719298,0
G361,0.098138748,0
G362,0.120689655,0
G363,0.090800478,0
G364,0.233115468,0
G365,0.095436839,0
G366,0.096114519,0
G367,0.074786325,0
G368,0.326241135,0
G369,0.083333333,0
G370,0.192156863,0
G371,0.090431125,0
G372,0.061904762,0
G373,0.366237482,0
G374,0.227642276,0
G375,0.084210526,0
G376,0.062295082,0
G377,0.236666667,0
G378,0.208130081,0
G379,0.216666667,0
G380,0.205567452,0
G381,0.080234834,0
G382,0.29787234,0
G383,0.060818713,0
G384,0.192857143,0
G385,0.068926554,0
G386,0.21875,0
G387,0.24829932,0
G388,0.353535354,0
G389,0.055745165,0
G390,0.069767442,0
G391,0.153645833,0
G392,0.20952381,0
G393,0.25,0
G394,0.423213022,0
G395,0.196635121,0
G396,0.20995671,0
G397,0.289473684,0
G398,0.19205298,0
G399,0.336170213,0
G400,0.110798122,0
G401,0.110544218,0
G402,0.120915033,0
G403,0.211111111,0
G404,0.130952381,0
G405,0.10361552,0
G406,0.084602369,0
G407,0.060283688,0
G408,0.229050279,0
G409,0.208443272,0
G410,0.113879004,0
G411,0.073402418,0
G412,0.318128655,0
G413,0.277777778,0
G414,0.081871345,0
G415,0.059139785,0
G416,0.110215054,0
G417,0.393162393,0
G418,0.227586207,0
G419,0.058404558,0
G420,0.308457711,0
G421,0.373068433,0
G422,0.570109152,0
G423,0.075960679,0
G424,0.354674797,0
G425,0.220095694,0
G426,0.377985462,0
G427,0.290726817,0
G428,0.098412698,0
G429,0.228937729,0
G430,0.263796909,0
G431,0.398426323,0
G432,0.073015873,0
G433,0.059139785,0
G434,0.250201776,0
G435,0.035087719,0
G436,0.315217391,0
G437,0.213836478,0
G438,0.362362362,0
G439,0.021645022,0
G440,0.088235294,0
G441,0.264367816,0
G442,0.063573883,0
G443,0.319727891,0
G444,0.120155039,0
G445,0.025925926,0
G446,0.098484848,0
G447,0.091559371,0
G448,0.277777778,0
G449,0.256782946,0
G450,0.096470588,0
G451,0.079545455,0
G452,0.396296296,0
G453,0.064543524,0
G454,0.06042885,0
G455,0.37962963,0
G456,0.060606061,0
G457,0.235294118,0
G458,0.198726694,0
G459,0.290640394,0
G460,0.107862248,0
G461,0.226666667,0
G462,0.21179302,0
G463,0.177024482,0
G464,0.062937063,0
G465,0.245954693,0
G466,0.216049383,0
G467,0.097323601,0
G468,0.264264264,0
G469,0.260162602,0
G470,0.10547504,0
G471,0.281653747,0
G472,0.215686275,0
G473,0.205479452,0
G474,0.346666667,0
G475,0.270588235,0
G476,0.088050314,0
G477,0.099206349,0
G478,0.163522013,0
G479,0.214975845,0
G480,0.136773137,0
G481,0.384665367,0
G482,0.055650199,0
G483,0.430485762,0
G484,0.368589744,0
G485,0.141141141,0
G486,0.378340366,0
G487,0.099009901,0
G488,0.211382114,0
G489,0.060897436,0
G490,0.328767123,0
G491,0.06918239,0
G492,0.164444444,0
G493,0.431818182,0
G494,0.189262966,0
G495,0.201208981,0
G496,0.079037801,0
G497,0.368421053,0
G498,0.094117647,0
G499,0.074468085,0
G500,0.173210162,0
G501,0.242521368,0
G502,0.077235772,0
G503,0.080434783,0
G504,0.204049844,0
G505,0.074561404,0
G506,0.117521368,0
G507,0.441217151,0
G508,0.05511811,0
G509,0.288288288,0
G510,0.085140562,0
G511,0.27027027,0
G512,0.345381526,0
G513,0.1179941,0
G514,0.230703986,0
G515,0.075075075,0
G516,0.33625731,0
G517,0.111111111,0
G518,0.314262023,0
G519,0.013536379,0
G520,0.273182957,0
G521,0.053030303,0
G522,0.083820663,0
G523,0.108359133,0
G524,0.080515298,0
G525,0.206349206,0
G526,0.096153846,0
G527,0.124087591,0
G528,0.073333333,0
G529,0.067567568,0
G530,0.074209246,0
G531,0.08921792,0
G532,0.08875129,0
G533,0.279132791,0
G534,0.265004617,0
G535,0.246132208,0
G536,0.116427432,0
G537,0.238095238,0
G538,0.059777102,0
G539,0.206959707,0
G540,0.227581942,0
G541,0.078590786,0
G542,0.290780142,0
G543,0.141051231,0
G544,0.087087087,0
G545,0.10911271,0
G546,0.112578616,0
G547,0.125490196,0
G548,0.192343604,0
G549,0.036067481,0
G550,0.20556502,0
G551,0.04,0
G552,0.111979167,0
G553,0.343896714,0
G554,0.079674797,0
G555,0.21799308,0
G556,0.346405229,0
G557,0.370267775,0
G558,0.061557789,0
G559,0.068161829,0
G560,0.218905473,0
G561,0.224105461,0
G562,0.19929078,0
G563,0.071925754,0
G564,0.057471264,0
G565,0.046052632,0
G566,0.250345781,0
G567,0.058823529,0
G568,0.306540583,0
G569,0.120772947,0
G570,0.334069169,0
G571,0.053941909,0
G572,0.336458333,0
G573,0.079452055,0
G574,0.081124498,0
G575,0.214752568,0
G576,0.197860963,0
G577,0.23591213,0
G578,0.357142857,0
G579,0.327759197,0
G580,0.030921459,0
G581,0.120437956,0
G582,0.105902778,0
G583,0.189189189,0
G584,0.038567493,0
G585,0.128078818,0
G586,0.286630037,0
G587,0.183867141,0
G588,0.031287605,0
G589,0.384428224,0
G590,0.288888889,0
G591,0.082366934,0
G592,0.066951567,0
G593,0.047619048,0
G594,0.175644028,0
G595,0.211469534,0
G596,0.105691057,0
G597,0.083333333,0
G598,0.101666667,0
G599,0.06547619,0
G600,0.373333333,0
G601,0.250868056,0
G602,0.053333333,0
G603,0.224981189,0
G604,0.249249249,0
G605,0.275621891,0
G606,0.104371097,0
G607,0.490384615,0
G608,0.281165312,0
G609,0.218774861,0
G610,0.208633094,0
G611,0.119453925,0
G612,0.108231014,0
G613,0.068894389,0
G614,0.09486166,0
G615,0.05988456,0
G616,0.204819277,0
G617,0.267605634,0
G618,0.198872786,0
G619,0.181818182,0
G620,0.18800813,0
G621,0.382352941,0
G622,0.3125,0
G623,0.06504065,0
G624,0.100084818,0
G625,0.221972253,0
G626,0.077625571,0
G627,0.023217247,0
G628,0.251650165,0
G629,0.100746269,0
G630,0.020833333,0
G631,0.108527132,0
G632,0.111869031,0
G633,0.196787149,0
G634,0.089912281,0
G635,0.212678937,0
G636,0.176160338,0
G637,0.070175439,0
G638,0.062248996,0
G639,0.054131054,0
G640,0.041769042,0
G641,0.231414868,0
G642,0.309803922,0
G643,0.177595628,0
G644,0.468599034,0
G645,0.120956399,0
G646,0.334140436,0
G647,0.032051282,0
G648,0.206965174,0
G649,0.098138748,0
G650,0.084507042,0
G651,0.098039216,0
G652,0.234026174,0
G653,0.060939794,0
G654,0.111111111,0
G655,0.214430894,0
G656,0.298245614,0
G657,0.049429658,0
G658,0.056207234,0
G659,0.113168724,0
G660,0.288888889,0
G661,0.313304721,0
G662,0.079245283,0
G663,0.111570248,0
G664,0.242498972,0
G665,0.266798419,0
G666,0.565104167,0
G667,0.203401361,0
G668,0.014925373,0
G669,0.110709988,0
G670,0.353562005,0
G671,0.265625,0
G672,0.081481481,0
G673,0.069373942,0
G674,0.340277778,0
G675,0.245210728,0
G676,0.162962963,0
G677,0.174603175,0
G678,0.194444444,0
G679,0.069892473,0
G680,0.2,0
G681,0.201388889,0
G682,0.396704689,0
G683,0.070336391,0
G684,0.111731844,0
G685,0.23943662,0
G686,0.270228417,0
G687,0.089552239,0
G688,0.237588652,0
G689,0.119047619,0
G690,0.214689266,0
G691,0.20223152,0
G692,0.212643678,0
G693,0.19047619,0
G694,0.413105413,0
G695,0.108202443,0
G696,0.043540328,0
G697,0.309178744,0
G698,0.3,0
G699,0.074879227,0
G700,0.265306122,0
G701,0.335555556,0
G702,0.128787879,0
G703,0.082468281,0
G704,0.252796421,0
G705,0.080431177,0
G706,0.061657033,0
G707,0.260744986,0
G708,0.216718266,0
G709,0.119047619,0
G710,0.081105169,0
G711,0.315315315,0
G712,0.201179941,0
G713,0.216450216,0
G714,0.214578215,0
G715,0.048484848,0
G716,0.0973478,0
G717,0.036349575,0
G718,0.079861111,0
G719,0.350318471,0
G720,0.22260274,0
G721,0.182389937,0
G722,0.075280112,0
G723,0.240913811,0
G724,0.256149279,0
G725,0.081699346,0
G726,0.228310502,0
G727,0.489583333,0
G728,0.101538462,0
G729,0.086359968,0
G730,0.099834983,0
G731,0.183462532,0
G732,0.239171375,0
G733,0.086142322,0
G734,0.085669782,0
G735,0.123314066,0
G736,0.05574136,0
G737,0.212730318,0
G738,0.052083333,0
G739,0.264573991,0
G740,0.179817499,0
G741,0.094326241,0
G742,0.262371615,0
G743,0.108298172,0
G744,0.076628352,0
G745,0.167755991,0
G746,0.096212121,0
G747,0.0625,0
G748,0.29004329,0
G749,0.343079922,0
G750,0.076923077,0
G751,0.061983471,0
G752,0.0657277,0
G753,0.238095238,0
G754,0.495238095,0
G755,0.078431373,0
G756,0.303921569,0
G757,0.338709677,0
G758,0.065167243,0
G759,0.052959502,0
G760,0.198198198,0
G761,0.177419355,0
G762,0.227272727,0
G763,0.241192412,0
G764,0.275537634,0
G765,0.241695304,0
G766,0.091575092,0
G767,0.099590723,0
G768,0.055974843,0
G769,0.326616289,0
G770,0.074614761,0
G771,0.180392157,0
G772,0.065972222,0
G773,0.176400477,0
G774,0.372126437,0
G775,0.348484848,0
G776,0.225941423,0
G777,0.086486486,0
G778,0.085729499,0
G779,0.083682008,0
G780,0.096666667,0
G781,0.299492386,0
G782,0.19005848,0
G783,0.145299145,0
G784,0.229824561,0
G785,0.229024943,0
G786,0.095820591,0
G787,0.184615385,0
G788,0.084917617,0
G789,0.226415094,0
G790,0.082397004,0
G791,0.102652826,0
G792,0.077097506,0
G793,0.047058824,0
G794,0.204081633,0
G795,0.202380952,0
G796,0.283568075,0
G797,0.157360406,0
G798,0.10791993,0
G799,0.072662602,0
G800,0.338095238,0
G801,0.257383966,0
G802,0.306666667,0
G803,0.238095238,0
G804,0.246305419,0
G805,0.091559371,0
G806,0.198501873,0
G807,0.080183276,0
G808,0.092783505,0
G809,0.071794872,0
G810,0.249019608,0
G811,0.49,0
G812,0.662393162,0
G813,0.067708333,0
G814,0.076813656,0
G815,0.197831978,0
G816,0.0503663,0
G817,0.08815427,0
G818,0.377622378,0
G819,0.195195195,0
G820,0.083099907,0
G821,0.349099099,0
G822,0.075,0
G823,0.10652921,0
G824,0.416322788,0
G825,0.044176707,0
G826,0.24106113,0
G827,0.079710145,0
G828,0.047619048,0
G829,0.263807121,0
G830,0.183333333,0
G831,0.063907658,0
G832,0.096059113,0
G833,0.285271318,0
G834,0.020618557,0
G835,0.081632653,0
G836,0.141552511,0
G837,0.429661421,0
G838,0.056388294,0
G839,0.319259259,0
G840,0.071672355,0
G841,0.405228758,0
G842,0.106796117,0
G843,0.666666667,0
G844,0.0997151,0
G845,0.171282051,0
G846,0.100286533,0
G847,0.072810011,0
G848,0.054331865,0
G849,0.069651741,0
G850,0.126368159,0
G851,0.286935287,0
G852,0.195402299,0
G853,0.486144101,0
G854,0.153216374,0
G855,0.117730496,0
G856,0.084057971,0
G857,0.076738609,0
G858,0.066945607,0
G859,0.294187426,0
G860,0.204827136,0
G861,0.102864583,0
G862,0.269087523,0
G863,0.295739348,0
G864,0.06402737,0
G865,0.223214286,0
G866,0.368852459,0
G867,0.240079365,0
G868,0.104761905,0
G869,0.094001237,0
G870,0.283333333,0
G871,0.050125313,0
G872,0.302938197,0
G873,0.078431373,0
G874,0.229090909,0
G875,0.18302513,0
G876,0.270976616,0
G877,0.064213564,0
G878,0.38034188,0
G879,0.163522013,0
G880,0.086466165,0
G881,0.079889807,0
G882,0.25,0
G883,0.286286286,0
G884,0.260646109,0
G885,0.049462366,0
G886,0.115183246,0
G887,0.224479923,0
G888,0.116216216,0
G889,0.097222222,0
G890,0.241967871,0
G891,0.119047619,0
G892,0.050884956,0
G893,0.10459588,0
G894,0.257452575,0
G895,0.073852295,0
G896,0.13836478,0
G897,0.066951567,0
G898,0.052216151,0
G899,0.166666667,0
G900,0.498084291,0
G901,0.059259259,0
G902,0.082742317,0
G903,0.042276423,0
G904,0.286212914,0
G905,0.104761905,0
G906,0.291666667,0
G907,0.227777778,0
G908,0.235772358,0
G909,0.225925926,0
G910,0.084415584,0
G911,0.308333333,0
G912,0.260273973,0
G913,0.306967985,0
G914,0.208333333,0
G915,0.06581741,0
G916,0.071925754,0
G917,0.104712042,0
G918,0.183673469,0
G919,0.358649789,0
G920,0.054347826,0
G921,0.204166667,0
G922,0.091743119,0
G923,0.111410602,0
G924,0.16985138,0
G925,0.230088496,0
G926,0.063414634,0
G927,0.062056738,0
G928,0.218683652,0
G929,0.097412481,0
G930,0.096638655,0
G931,0.106451613,0
G932,0.318972033,0
G933,0.130208333,0
G934,0.432550044,0
G935,0.105691057,0
G936,0.123015873,0
G937,0.081120944,0
G938,0.062639821,0
G939,0.224489796,0
G940,0.241773963,0
G941,0.243727599,0
G942,0.097112861,0
G943,0.192307692,0
G944,0.05764411,0
G945,0.321180556,0
G946,0.182767624,0
G947,0.061302682,0
G948,0.176928521,0
G949,0.310714286,0
G950,0.0523918,0
G951,0.844017094,0
G952,0.106235566,0
G953,0.318584071,0
G954,0.202279202,0
G955,0.11238825,0
G956,0.174358974,0
G957,0.246745897,0
G958,0.234972678,0
G959,0.257689893,0
G960,0.078838174,0
G961,0.303532009,0
G962,0.091954023,0
G963,0.094512195,0
G964,0.100456621,0
G965,0.038821954,0
G966,0.055396371,0
G967,0.12335958,0
G968,0.117562724,0
G969,0.395775941,0
G970,0.212121212,0
G971,0.192764858,0
G972,0.292259084,0
G973,0.23107178,0
G974,0.272727273,0
G975,0.264150943,0
G976,0.088290311,0
G977,0.231746032,0
G978,0.070921986,0
G979,0.204678363,0
G980,0.06793049,0
G981,0.221105528,0
G982,0.201793722,0
G983,0.304804805,0
G984,0.322463768,0
G985,0.088122605,0
G986,0.185897436,0
G987,0.101545254,0
G988,0.092222222,0
G989,0.260606061,0
G990,0.352046784,0
G991,0.287981859,0
G992,0.073080967,0
G993,0.215811966,0
G994,0.090909091,0
G995,0.203252033,0
G996,0.20746888,0
G997,0.297297297,0
G998,0.317892825,0
G999,0.075453677,0
G1000,0.2,0
G1001,0.33427762,0
G1002,0.322580645,0
G1003,0.043993232,0
G1004,0.090643275,0
G1005,0.292870906,0
G1006,0.097591888,0
G1007,0.204268293,0
G1008,0.066939891,0
G1009,0.079037801,0
G1010,0.111111111,0
G1011,0.251572327,0
G1012,0.156177156,0
G1013,0.314454277,0
G1014,0.059608965,0
G1015,0.432291667,0
G1016,0.325259516,0
G1017,0.121693122,0
G1018,0.125,0
G1019,0.112820513,0
G1020,0.109000826,0
G1021,0.195743063,0
G1022,0.094017094,0
G1023,0.304042904,0
G1024,0.089005236,0
G1025,0.092592593,0
G1026,0.341085271,0
G1027,0.09577254,0
G1028,0.087121212,0
G1029,0.098159509,0
G1030,0.09047619,0
G1031,0.192810458,0
G1032,0.264957265,0
G1033,0.29216018,0
G1034,0.284552846,0
G1035,0.055782313,0
G1036,0.225672878,0
G1037,0.069892473,0
G1038,0.317254174,0
G1039,0.178435839,0
G1040,0.091264031,0
G1041,0.073260073,0
G1042,0.180124224,0
G1043,0.061994609,0
G1044,0.055753262,0
G1045,0.252525253,0
G1046,0.059701493,0
G1047,0.11039886,0
G1048,0.264604811,0
G1049,0.408547009,0
G1050,0.297297297,0
G1051,0.111853088,0
G1052,0.201329535,0
G1053,0.116531165,0
G1054,0.106280193,0
G1055,0.088550479,0
G1056,0.349678058,0
G1057,0.65497076,0
G1058,0.083333333,0
G1059,0.038461538,0
G1060,0.084985836,0
G1061,0.336197022,0
G1062,0.072026801,0
G1063,0.182795699,0
G1064,0.223577236,0
G1065,0.1875,0
G1066,0.085518814,0
G1067,0.085585586,0
G1068,0.178787879,0
G1069,0.088744589,0
G1070,0.085185185,0
G1071,0.262108262,0
G1072,0.091575092,0
G1073,0.065591398,0
G1074,0.16968053,0
G1075,0.178630363,0
G1076,0.097849462,0
G1077,0.238700565,0
G1078,0.230337079,0
G1079,0.276625173,0
G1080,0.27494824,0
G1081,0.365754813,0
G1082,0.084714549,0
G1083,0.040229885,0
G1084,0.160784314,0
G1085,0.08846426,0
G1086,0.153153153,0
G1087,0.134751773,0
G1088,0.129753915,0
G1089,0.25,0
G1090,0.072072072,0
G1091,0.054054054,0
G1092,0.095555556,0
G1093,0.11328976,0
G1094,0.303167421,0
G1095,0.063795853,0
G1096,0.230452675,0
G1097,0.107526882,0
G1098,0.385542169,0
G1099,0.092592593,0
G1100,0.180272109,0
G1101,0.360881543,0
G1102,0.109461967,0
G1103,0.089201878,0
G1104,0.08668454,0
G1105,0.10008071,0
G1106,0.251572327,0
G1107,0.207927225,0
G1108,0.06295754,0
G1109,0.044444444,0
G1110,0.180592992,0
G1111,0.091710758,0
G1112,0.222222222,0
G1113,0.355670103,0
G1114,0.068421053,0
G1115,0.071929825,0
G1116,0.101669196,0
G1117,0.377867746,0
G1118,0.232704403,0
G1119,0.14379085,0
G1120,0.204362257,0
G1121,0.217577706,0
G1122,0.218426501,0
G1123,0.283687943,0
G1124,0.12745098,0
G1125,0.116666667,0
G1126,0.23081761,0
G1127,0.23727422,0
G1128,0.155882353,0
G1129,0.08,0
G1130,0.261261261,0
G1131,0.228228228,0
G1132,0.036231884,0
G1133,0.562884785,0
G1134,0.230769231,0
G1135,0.218637993,0
G1136,0.223985891,0
G1137,0.21888412,0
G1138,0.211864407,0
G1139,0.226233454,0
G1140,0.378378378,0
G1141,0.063926941,0
G1142,0.351473923,0
G1143,0.038690476,0
G1144,0.073394495,0
G1145,0.108433735,0
G1146,0.196741855,0
G1147,0.256198347,0
G1148,0.055155875,0
G1149,0.342281879,0
G1150,0.258799172,0
G1151,0.222222222,0
G1152,0.103864734,0
G1153,0.257110353,0
G1154,0.212021858,0
G1155,0.130695444,0
G1156,0.072681704,0
G1157,0.181818182,0
G1158,0.241830065,0
G1159,0.222222222,0
G1160,0.206489676,0
G1161,0.110635261,0
G1162,0.070449173,0
G1163,0.1942324,0
G1164,0.089430894,0
G1165,0.265625,0
G1166,0.363636364,0
G1167,0.261627907,0
G1168,0.062236287,0
G1169,0.346104725,0
G1170,0.283783784,0
G1171,0.0997151,0
G1172,0.060150376,0
G1173,0.049145299,0
G1174,0.182116105,0
G1175,0.565769806,0
G1176,0.3,0
G1177,0.158940397,0
G1178,0.201388889,0
G1179,0.087570621,0
G1180,0.245614035,0
G1181,0.127240143,0
G1182,0.179487179,0
G1183,0.261316872,0
G1184,0.085585586,0
G1185,0.095890411,0
G1186,0.088888889,0
G1187,0.174796748,0
G1188,0.082352941,0
G1189,0.040229885,0
G1190,0.068728522,0
G1191,0.299019608,0
G1192,0.156862745,0
G1193,0.464285714,0
G1194,0.119047619,0
G1195,0.056516724,0
G1196,0.200913242,0
G1197,0.291327913,0
G1198,0.067430025,0
G1199,0.085106383,0
G1200,0.43071161,0
G1201,0.189318073,0
G1202,0.120107962,0
G1203,0.12012012,0
G1204,0.252229299,0
G1205,0.293838863,0
G1206,0.260196906,0
G1207,0.24537037,0
G1208,0.193162393,0
G1209,0.198855508,0
G1210,0.08499744,0
G1211,0.06245121,0
G1212,0.331658291,0
G1213,0.293995859,0
G1214,0.355754858,0
G1215,0.342902711,0
G1216,0.066502463,0
G1217,0.088328076,0
G1218,0.054713054,0
G1219,0.089709763,0
G1220,0.18426501,0
G1221,0.234432234,0
G1222,0.175925926,0
G1223,0.021505376,0
G1224,0.108077361,0
G1225,0.218390805,0
G1226,0.080536913,0
G1227,0.257731959,0
G1228,0.094043887,0
G1229,0.205128205,0
G1230,0.059139785,0
G1231,0.22078853,0
G1232,0.397435897,0
G1233,0.122605364,0
G1234,0.099415205,0
G1235,0.10270775,0
G1236,0.041963579,0
G1237,0.325396825,0
G1238,0.049127252,0
G1239,0.217391304,0
G1240,0.236146633,0
G1241,0.552845528,0
G1242,0.153918791,0
G1243,0.41372549,0
G1244,0.04526749,0
G1245,0.071236559,0
G1246,0.089678511,0
G1247,0.058823529,0
G1248,0.061403509,0
G1249,0.078998073,0
G1250,0.078947368,0
G1251,0.424113475,0
G1252,0.108831401,0
G1253,0.111502347,0
G1254,0.133333333,0
G1255,0.044776119,0
G1256,0.268115942,0
G1257,0.217553688,0
G1258,0.254032258,0
G1259,0.069444444,0
G1260,0.267605634,0
G1261,0.077996716,0
G1262,0.230019493,0
G1263,0.067538126,0
G1264,0.207977208,0
G1265,0.228966986,0
G1266,0.099557522,0
G1267,0.092198582,0
G1268,0.123655914,0
G1269,0.1,0
G1270,0.071969697,0
G1271,0.092896175,0
G1272,0.0781893,0
G1273,0.219061166,0
G1274,0.285714286,0
G1275,0.192678227,0
G1276,0.089457748,0
G1277,0.070175439,0
G1278,0.091324201,0
G1279,0.114754098,0
G1280,0.150724638,0
G1281,0.093167702,0
G1282,0.298989899,0
G1283,0.105413105,0
G1284,0.216555802,0
G1285,0.064610866,0
G1286,0.072796935,0
G1287,0.138211382,0
G1288,0.2996337,0
G1289,0.073504274,0
G1290,0.326923077,0
G1291,0.052434457,0
G1292,0.092691622,0
G1293,0.256944444,0
G1294,0.102725367,0
G1295,0.130081301,0
G1296,0.162479062,0
G1297,0.221878225,0
G1298,0.231277533,0
G1299,0.23686724,0
G1300,0.058760684,0
G1301,0.066433566,0
G1302,0.309124767,0
G1303,0.107218684,0
G1304,0.386524823,0
G1305,0.072164948,0
G1306,0.091269841,0
G1307,0.086524823,0
G1308,0.062605753,0
G1309,0.097902098,0
G1310,0.213080169,0
G1311,0.083333333,0
G1312,0.064182195,0
G1313,0.050980392,0
G1314,0.243794326,0
G1315,0.243350311,0
G1316,0.241405082,0
G1317,0.112037037,0
G1318,0.106060606,0
G1319,0.06918239,0
G1320,0.06504065,0
G1321,0.265993266,0
G1322,0.182917611,0
G1323,0.259713701,0
G1324,0.195047301,0
G1325,0.082719083,0
G1326,0.315018315,0
G1327,0.264583333,0
G1328,0.21370252,0
G1329,0.101226994,0
G1330,0.234782609,0
G1331,0.187584345,0
G1332,0.057142857,0
G1333,0.224358974,0
G1334,0.059610706,0
G1335,0.074324324,0
G1336,0.314168378,0
G1337,0.050251256,0
G1338,0.080183276,0
G1339,0.027777778,0
G1340,0.233830846,0
G1341,0.060606061,0
G1342,0.077322937,0
G1343,0.091240876,0
G1344,0.1,0
G1345,0.236434109,0
G1346,0.33649789,0
G1347,0.051796157,0
G1348,0.074966533,0
G1349,0.053333333,0
G1350,0.090766823,0
G1351,0.085008375,0
G1352,0.091559371,0
G1353,0.058232932,0
G1354,0.245245245,0
G1355,0.269883825,0
G1356,0.092592593,0
G1357,0.213379469,0
G1358,0.25,0
G1359,0.283746556,0
G1360,0.285888078,0
G1361,0.305882353,0
G1362,0.275100402,0
G1363,0.090800478,0
G1364,0.392982456,0
G1365,0.160714286,0
G1366,0.20596206,0
G1367,0.25769569,0
G1368,0.077625571,0
G1369,0.380638064,0
G1370,0.077226162,0
G1371,0.050314465,0
G1372,0.076870748,0
G1373,0.075268817,0
G1374,0.179347826,0
G1375,0.100680272,0
G1376,0.109144543,0
G1377,0.267605634,0
G1378,0.062745098,0
G1379,0.26826484,0
G1380,0.070460705,0
G1381,0.289134438,0
G1382,0.195238095,0
G1383,0.228070175,0
G1384,0.082397004,0
G1385,0.264087468,0
G1386,0.084666667,0
G1387,0.386961094,0
G1388,0.198717949,0
G1389,0.114814815,0
G1390,0.09009009,0
G1391,0.214634146,0
G1392,0.340501792,0
G1393,0.07266436,0
G1394,0.059288538,0
G1395,0.200345423,0
G1396,0.064393939,0
G1397,0.0996997,0
G1398,0.041297935,0
G1399,0.254706534,0
G1400,0.091420534,0
G1401,0.049233253,0
G1402,0.197074673,0
G1403,0.203125,0
G1404,0.363934426,0
G1405,0.07518797,0
G1406,0.210526316,0
G1407,0.28054741,0
G1408,0.212121212,0
G1409,0.187857961,0
G1410,0.090909091,0
G1411,0.243217054,0
G1412,0.095607235,0
G1413,0.229095074,0
G1414,0.182072829,0
G1415,0.069553806,0
G1416,0.256756757,0
G1417,0.38245614,0
G1418,0.07620941,0
G1419,0.206991467,0
G1420,0.307519641,0
G1421,0.105769231,0
G1422,0.046728972,0
G1423,0.269076305,0
G1424,0.225,0
G1425,0.283201407,0
G1426,0.083070452,0
G1427,0.195195195,0
G1428,0.219399538,0
G1429,0.196642686,0
G1430,0.041860465,0
G1431,0.222222222,0
G1432,0.234234234,0
G1433,0.21300813,0
G1434,0.344720497,0
G1435,0.06884058,0
G1436,0.105620155,0
G1437,0.219373219,0
G1438,0.436314363,0
G1439,0.118110236,0
G1440,0.264840183,0
G1441,0.19047619,0
G1442,0.104575163,0
G1443,0.16802168,0
G1444,0.333333333,0
G1445,0.207792208,0
G1446,0.151515152,0
G1447,0.061516452,0
G1448,0.10298103,0
G1449,0.274840645,0
G1450,0.111764706,0
G1451,0.055201699,0
G1452,0.096926714,0
G1453,0.105982906,0
G1454,0.10952381,0
G1455,0.21107628,0
G1456,0.072916667,0
G1457,0.147959184,0
G1458,0.06462585,0
G1459,0.114601513,0
G1460,0.494100295,0
G1461,0.212598425,0
G1462,0.089393939,0
G1463,0.163120567,0
G1464,0.075757576,0
G1465,0.166175025,0
G1466,0.202064897,0
G1467,0.069623271,0
G1468,0.24829932,0
G1469,0.273829201,0
G1470,0.299065421,0
G1471,0.117647059,0
G1472,0.079710145,0
G1473,0.090196078,0
G1474,0.1,0
G1475,0.095516569,0
G1476,0.069667738,0
G1477,0.238095238,0
G1478,0.143589744,0
G1479,0.233716475,0
G1480,0.084337349,0
G1481,0.088201604,0
G1482,0.22671156,0
G1483,0.116341991,0
G1484,0.227828746,0
G1485,0.071876962,0
G1486,0.048586779,0
G1487,0.248062016,0
G1488,0.059701493,0
G1489,0.289855072,0
G1490,0.223413762,0
G1491,0.252751154,0
G1492,0.270491803,0
G1493,0.1,0
G1494,0.215074724,0
G1495,0.664794007,0
G1496,0.182108626,0
G1497,0.074695122,0
G1498,0.085205993,0
G1499,0.034858388,0
G1500,0.091205212,0
G1501,0.217877095,0
G1502,0.351111111,0
G1503,0.1107739,0
G1504,0.187214612,0
G1505,0.297079557,0
G1506,0.106837607,0
G1507,0.109045849,0
G1508,0.261390887,0
G1509,0.193675889,0
G1510,0.169056153,0
G1511,0.07612251,0
G1512,0.29337232,0
G1513,0.216666667,0
G1514,0.123076923,0
G1515,0.221061793,0
G1516,0.068226121,0
G1517,0.230651341,0
G1518,0.055841924,0
G1519,0.074131674,0
G1520,0.306071871,0
G1521,0.078078078,0
G1522,0.190990991,0
G1523,0.065359477,0
G1524,0.059144677,0
G1525,0.111111111,0
G1526,0.294736842,0
G1527,0.556666667,0
G1528,0.323809524,0
G1529,0.186609687,0
G1530,0.293699187,0
G1531,0.08687441,0
G1532,0.307992203,0
G1533,0.099806202,0
G1534,0.193548387,0
G1535,0.213457077,0
G1536,0.11886697,0
G1537,0.105022831,0
G1538,0.217787115,0
G1539,0.238290132,0
G1540,0.099415205,0
G1541,0.076388889,0
G1542,0.499346405,0
G1543,0.074681239,0
G1544,0.205014749,0
G1545,0.059311981,0
G1546,0.184456929,0
G1547,0.046464646,0
G1548,0.085714286,0
G1549,0.075203252,0
G1550,0.277108434,0
G1551,0.291964996,0
G1552,0.12012012,0
G1553,0.235772358,0
G1554,0.073921971,0
G1555,0.129094412,0
G1556,0.256262042,0
G1557,0.286077236,0
G1558,0.05,0
G1559,0.210727969,0
G1560,0.097323601,0
G1561,0.085131894,0
G1562,0.0703125,0
G1563,0.249158249,0
G1564,0.365853659,0
G1565,0.04685836,0
G1566,0.195652174,0
G1567,0.119379845,0
G1568,0.067977068,0
G1569,0.198170732,0
G1570,0.153846154,0
G1571,0.0651341,0
G1572,0.247619048,0
G1573,0.024600246,0
G1574,0.131410256,0
G1575,0.25413403,0
G1576,0.083333333,0
G1577,0.282051282,0
G1578,0.076923077,0
G1579,0.17037037,0
G1580,0.166666667,0
G1581,0.291079812,0
G1582,0.039800995,0
G1583,0.291719745,0
G1584,0.086629002,0
G1585,0.229638959,0
G1586,0.103864734,0
G1587,0.313405797,0
G1588,0.249417249,0
G1589,0.447368421,0
G1590,0.040322581,0
G1591,0.070546737,0
G1592,0.090534979,0
G1593,0.09009009,0
G1594,0.185185185,0
G1595,0.246376812,0
G1596,0.1,0
G1597,0.082644628,0
G1598,0.483091787,0
G1599,0.358323722,0
G1600,0.288213628,0
G1601,0.206912233,0
G1602,0.148148148,0
G1603,0.026190476,0
G1604,0.061657033,0
G1605,0.081232493,0
G1606,0.211309524,0
G1607,0.105358765,0
G1608,0.209083119,0
G1609,0.109649123,0
G1610,0.196721311,0
G1611,0.184684685,0
G1612,0.2625,0
G1613,0.119298246,0
G1614,0.668376068,0
G1615,0.067484663,0
G1616,0.438967136,0
G1617,0.113095238,0
G1618,0.08797654,0
G1619,0.079526227,0
G1620,0.261316872,0
G1621,0.088050314,0
G1622,0.093567251,0
G1623,0.255813953,0
G1624,0.296296296,0
G1625,0.045,0
G1626,0.060307018,0
G1627,0.18627451,0
G1628,0.059233449,0
G1629,0.065998329,0
G1630,0.065943993,0
G1631,0.223744292,0
G1632,0.090569561,0
G1633,0.058364159,0
G1634,0.223057644,0
G1635,0.146520147,0
G1636,0.230923695,0
G1637,0.399723375,0
G1638,0.104,0
G1639,0.074074074,0
G1640,0.097835498,0
G1641,0.121004566,0
G1642,0.108597285,0
G1643,0.222903885,0
G1644,0.068783069,0
G1645,0.071705426,0
G1646,0.287287287,0
G1647,0.064896755,0
G1648,0.301587302,0
G1649,0.087816945,0
G1650,0.320987654,0
G1651,0.101910828,0
G1652,0.159349593,0
G1653,0.221922731,0
G1654,0.048672566,0
G1655,0.072916667,0
G1656,0.228070175,0
G1657,0.237913486,0
G1658,0.123076923,0
G1659,0.174479167,0
G1660,0.108695652,0
G1661,0.2,0
G1662,0.225195095,0
G1663,0.105973025,0
G1664,0.067164179,0
G1665,0.215805471,0
G1666,0.092006033,0
G1667,0.089171975,0
G1668,0.170703576,0
G1669,0.208333333,0
G1670,0.124183007,0
G1671,0.419871795,0
G1672,0.236024845,0
G1673,0.273809524,0
G1674,0.0670194,0
G1675,0.297394429,0
G1676,0.256410256,0
G1677,0.065197429,0
G1678,0.357142857,0
G1679,0.084497671,0
G1680,0.062962963,0
G1681,0.224593496,0
G1682,0.073499856,0
G1683,0.113594041,0
G1684,0.119180633,0
G1685,0.277124183,0
G1686,0.060416667,0
G1687,0.229437229,0
G1688,0.067777778,0
G1689,0.173469388,0
G1690,0.033542977,0
G1691,0.092885375,0
G1692,0.262745098,0
G1693,0.046423135,0
G1694,0.187218045,0
G1695,0.281021898,0
G1696,0.199404762,0
G1697,0.1875,0
G1698,0.303703704,0
G1699,0.372036768,0
G1700,0.156746032,0
G1701,0.115151515,0
G1702,0.282828283,0
G1703,0.03196347,0
G1704,0.131455399,0
G1705,0.09122807,0
G1706,0.112014453,0
G1707,0.045057162,0
G1708,0.077575758,0
G1709,0.326797386,0
G1710,0.315789474,0
G1711,0.228985507,0
G1712,0.055479764,0
G1713,0.192982456,0
G1714,0.068965517,0
G1715,0.193393393,0
G1716,0.187250996,0
G1717,0.109919571,0
G1718,0.103644647,0
G1719,0.079240341,0
G1720,0.217948718,0
G1721,0.226449275,0
G1722,0.270114943,0
G1723,0.210526316,0
G1724,0.060861423,0
G1725,0.0647343,0
G1726,0.077083333,0
G1727,0.114666667,0
G1728,0.349593496,0
G1729,0.308008214,0
G1730,0.074626866,0
G1731,0.124542125,0
G1732,0.359649123,0
G1733,0.264840183,0
G1734,0.320406279,0
G1735,0.076696165,0
G1736,0.279471545,0
G1737,0.107055961,0
G1738,0.109022556,0
G1739,0.226666667,0
G1740,0.125279642,0
G1741,0.379084967,0
G1742,0.171821306,0
G1743,0.040125532,0
G1744,0.219409283,0
G1745,0.060606061,0
G1746,0.070610687,0
G1747,0.099906629,0
G1748,0.312962963,0
G1749,0.171747967,0
G1750,0.064785789,0
G1751,0.255855856,0
G1752,0.115079365,0
G1753,0.098922248,0
G1754,0.230769231,0
G1755,0.21602289,0
G1756,0.095444685,0
G1757,0.049612403,0
G1758,0.308457711,0
G1759,0.266081871,0
G1760,0.066889632,0
G1761,0.085507246,0
G1762,0.08033033,0
G1763,0.283609576,0
G1764,0.218776916,0
G1765,0.096618357,0
G1766,0.067085954,0
G1767,0.099794239,0
G1768,0.140350877,0
G1769,0.090909091,0
G1770,0.060755337,0
G1771,0.108333333,0
G1772,0.278131635,0
G1773,0.117370892,0
G1774,0.227642276,0
G1775,0.238696109,0
G1776,0.03307888,0
G1777,0.08496732,0
G1778,0.19534632,0
G1779,0.092982456,0
G1780,0.27978581,0
G1781,0.080246914,0
G1782,0.206033848,0
G1783,0.025396825,0
G1784,0.198403649,0
G1785,0.379385965,0
G1786,0.259780908,0
G1787,0.108695652,0
G1788,0.057971014,0
G1789,0.217391304,0
G1790,0.16893424,0
G1791,0.250919794,0
G1792,0.374784111,0
G1793,0.312312312,0
G1794,0.246666667,0
G1795,0.208835341,0
G1796,0.197368421,0
G1797,0.218473896,0
G1798,0.081481481,0
G1799,0.416666667,0
G1800,0.238095238,0
G1801,0.217628481,0
G1802,0.272727273,0
G1803,0.162318841,0
G1804,0.263247863,0
G1805,0.055137845,0
G1806,0.098343685,0
G1807,0.04288499,0
G1808,0.072186837,0
G1809,0.112485939,0
G1810,0.068273092,0
G1811,0.241192412,0
G1812,0.038461538,0
G1813,0.083687943,0
G1814,0.215767635,0
G1815,0.235632184,0
G1816,0.057833859,0
G1817,0.195211786,0
G1818,0.206521739,0
G1819,0.094086022,0
G1820,0.0591133,0
G1821,0.113951012,0
G1822,0.025396825,0
G1823,0.146268657,0
G1824,0.204129794,0
G1825,0.105405405,0
G1826,0.036503362,0
G1827,0.146341463,0
G1828,0.210571185,0
G1829,0.068349106,0
G1830,0.216312057,0
G1831,0.072769953,0
G1832,0.188148148,0
G1833,0.083660131,0
G1834,0.280054645,0
G1835,0.390566038,0
G1836,0.084834835,0
G1837,0.234096692,0
G1838,0.045101089,0
G1839,0.203869048,0
G1840,0.238605898,0
G1841,0.262467192,0
G1842,0.085205993,0
G1843,0.189393939,0
G1844,0.270637409,0
G1845,0.122372372,0
G1846,0.04789272,0
G1847,0.26984127,0
G1848,0.34041477,0
G1849,0.058918483,0
G1850,0.279967159,0
G1851,0.234482759,0
G1852,0.176470588,0
G1853,0.270605398,0
G1854,0.095652174,0
G1855,0.066518847,0
G1856,0.101449275,0
G1857,0.413919414,0
G1858,0.259259259,0
G1859,0.213836478,0
G1860,0.035087719,0
G1861,0.018624097,0
G1862,0.070247934,0
G1863,0.338827839,0
G1864,0.318499127,0
G1865,0.036755387,0
G1866,0.048257373,0
G1867,0.063063063,0
G1868,0.066666667,0
G1869,0.201388889,0
G1870,0.071929825,0
G1871,0.363751584,0
G1872,0.066666667,0
G1873,0.301829268,0
G1874,0.345238095,0
G1875,0.210914454,0
G1876,0.030973451,0
G1877,0.21875,0
G1878,0.078313253,0
G1879,0.070921986,0
G1880,0.092911877,0
G1881,0.079861111,0
G1882,0.315496098,0
G1883,0.244755245,0
G1884,0.082774049,0
G1885,0.228423773,0
G1886,0.069679849,0
G1887,0.102150538,0
G1888,0.082417582,0
G1889,0.316939891,0
G1890,0.053763441,0
G1891,0.176203451,0
G1892,0.017571059,0
G1893,0.187902188,0
G1894,0.141141141,0
G1895,0.181729835,0
G1896,0.092156863,0
G1897,0.038461538,0
G1898,0.462809917,0
G1899,0.100628931,0
G1900,0.059620596,0
G1901,0.051461988,0
G1902,0.060827251,0
G1903,0.200803213,0
G1904,0.00877193,0
G1905,0.090977444,0
G1906,0.339575531,0
G1907,0.104166667,0
G1908,0.310522443,0
G1909,0.239263804,0
G1910,0.083798883,0
G1911,0.176245211,0
G1912,0.278084715,0
G1913,0.288617886,0
G1914,0.095024317,0
G1915,0.210271318,0
G1916,0.084745763,0
G1917,0.35978836,0
G1918,0.410860013,0
G1919,0.098039216,0
G1920,0.238938053,0
G1921,0.060606061,0
G1922,0.107142857,0
G1923,0.082304527,0
G1924,0.307692308,0
G1925,0.068764569,0
G1926,0.078651685,0
G1927,0.30952381,0
G1928,0.101010101,0
G1929,0.075425791,0
G1930,0.264026403,0
G1931,0.061946903,0
G1932,0.365248227,0
G1933,0.210784314,0
G1934,0.083778966,0
G1935,0.090909091,0
G1936,0.186666667,0
G1937,0.192708333,0
G1938,0.14379085,0
G1939,0.083579154,0
G1940,0.225945017,0
G1941,0.279132791,0
G1942,0.605343048,0
G1943,0.052631579,0
G1944,0.054263566,0
G1945,0.17114094,0
G1946,0.270072993,0
G1947,0.0625,0
G1948,0.103578154,0
G1949,0.088416076,0
G1950,0.186125212,0
G1951,0.19874477,0
G1952,0.232087227,0
G1953,0.114674441,0
G1954,0.084219858,0
G1955,0.036324786,0
G1956,0.166666667,0
G1957,0.04827062,0
G1958,0.079096045,0
G1959,0.057692308,0
G1960,0.073476703,0
G1961,0.083333333,0
G1962,0.333333333,0
G1963,0.06517094,0
G1964,0.316908213,0
G1965,0.319961796,0
G1966,0.219714071,0
G1967,0.201149425,0
G1968,0.081081081,0
G1969,0.162895928,0
G1970,0.10230179,0
G1971,0.254385965,0
G1972,0.285240464,0
G1973,0.039370079,0
G1974,0.134085213,0
G1975,0.333333333,0
G1976,0.078014184,0
G1977,0.098797251,0
G1978,0.322580645,0
G1979,0.202380952,0
G1980,0.254102999,0
G1981,0.076826196,0
G1982,0.060796646,0
G1983,0.046948357,0
G1984,0.108527132,0
G1985,0.235772358,0
G1986,0.222222222,0
G1987,0.201626016,0
G1988,0.086330935,0
G1989,0.070559611,0
G1990,0.077322937,0
G1991,0.098726115,0
G1992,0.032015066,0
G1993,0.065326633,0
G1994,0.234490011,0
G1995,0.218097448,0
G1996,0.062663185,0
G1997,0.268742791,0
G1998,0.050931677,0
G1999,0.534148828,0
G2000,0.249685535,0
G2001,0.08,0
G2002,0.253174603,0
G2003,0.254901961,0
G2004,0.080519481,0
G2005,0.299479167,0
G2006,0.159817352,0
G2007,0.293873313,0
G2008,0.293172691,0
G2009,0.068100358,0
G2010,0.212121212,0
G2011,0.071510957,0
G2012,0.055855856,0
G2013,0.216524217,0
G2014,0.094710947,0
G2015,0.161324786,0
G2016,0.066666667,0
G2017,0.006410256,0
G2018,0.079945799,0
G2019,0.329749104,0
G2020,0.21412037,0
G2021,0.111801242,0
G2022,0.473579658,0
G2023,0.314285714,0
G2024,0.219178082,0
G2025,0.249059443,0
G2026,0.052941176,0
G2027,0.236434109,0
G2028,0.07594086,0
G2029,0.113594041,0
G2030,0.080168776,0
G2031,0.058608059,0
G2032,0.216845878,0
G2033,0.060518732,0
G2034,0.291098116,0
G2035,0.23030303,0
G2036,0.158854167,0
G2037,0.364112639,0
G2038,0.385964912,0
G2039,0.200803213,0
G2040,0.089314195,0
G2041,0.498127341,0
G2042,0.226415094,0
G2043,0.385416667,0
G2044,0.101626016,0
G2045,0.066164154,0
G2046,0.176470588,0
G2047,0.08342945,0
G2048,0.095591877,0
G2049,0.212527964,0
G2050,0.179401993,0
G2051,0.070975919,0
G2052,0.104395604,0
G2053,0.170982326,0
G2054,0.108333333,0
G2055,0.105960265,0
G2056,0.198142415,0
G2057,0.231746032,0
G2058,0.076980568,0
G2059,0.209150327,0
G2060,0.196778711,0
G2061,0.345255126,0
G2062,0.050022738,0
G2063,0.310861423,0
G2064,0.535690897,0
G2065,0.076555024,0
G2066,0.207729469,0
G2067,0.095238095,0
G2068,0.349693252,0
G2069,0.08401084,0
G2070,0.130952381,0
G2071,0.128654971,0
G2072,0.201257862,0
G2073,0.081560284,0
G2074,0.27254306,0
G2075,0.18609407,0
G2076,0.105882353,0
G2077,0.095870206,0
G2078,0.189360664,0
G2079,0.121639785,0
G2080,0.255360624,0
G2081,0.0716946,0
G2082,0.05870021,0
G2083,0.119402985,0
G2084,0.198067633,0
G2085,0.238645112,0
G2086,0.078231293,0
G2087,0.196078431,0
G2088,0.072968491,0
G2089,0.213879408,0
G2090,0.106770833,0
G2091,0.073825503,0
G2092,0.067567568,0
G2093,0.174479167,0
G2094,0.119810202,0
G2095,0.078347578,0
G2096,0.275207592,0
G2097,0.429437229,0
G2098,0.091767881,0
G2099,0.052631579,0
G2100,0.272893773,0
G2101,0.263736264,0
G2102,0.13253012,0
G2103,0.084490741,0
G2104,0.040688576,0
G2105,0.086419753,0
G2106,0.291291291,0
G2107,0.076773567,0
G2108,0.076103501,0
G2109,0.08419244,0
G2110,0.357208448,0
G2111,0.303861789,0
G2112,0.079617834,0
G2113,0.284467714,0
G2114,0.13986014,0
G2115,0.321293673,0
G2116,0.235680751,0
G2117,0.077380952,0
G2118,0.223719677,0
G2119,0.064403829,0
G2120,0.157738095,0
G2121,0.14893617,0
G2122,0.061781609,0
G2123,0.271762208,0
G2124,0.377136752,0
G2125,0.368808568,0
G2126,0.077409163,0
G2127,0.113702624,0
G2128,0.109589041,0
G2129,0.10430839,0
G2130,0.203319502,0
G2131,0.092715232,0
G2132,0.098434004,0
G2133,0.397473275,0
G2134,0.27388535,0
G2135,0.375,0
G2136,0.321020229,0
G2137,0.075899844,0
G2138,0.245210728,0
G2139,0.188384214,0
G2140,0.157894737,0
G2141,0.058908046,0
G2142,0.233333333,0
G2143,0.279761905,0
G2144,0.140625,0
G2145,0.078947368,0
G2146,0.27173913,0
G2147,0.255036108,0
G2148,0.100753296,0
G2149,0.301204819,0
G2150,0.069406393,0
G2151,0.189768977,0
G2152,0.117647059,0
G2153,0.056701031,0
G2154,0.09103079,0
G2155,0.326139089,0
G2156,0.204022989,0
G2157,0.19047619,0
G2158,0.066666667,0
G2159,0.25,0
G2160,0.043869516,0
G2161,0.087276551,0
G2162,0.054216867,0
G2163,0.070175439,0
G2164,0.176470588,0
G2165,0.467948718,0
G2166,0.315068493,0
G2167,0.207039337,0
G2168,0.082251082,0
G2169,0.206555349,0
G2170,0.304878049,0
G2171,0.199612403,0
G2172,0.078313253,0
G2173,0.195631529,0
G2174,0.452525253,0
G2175,0.110062893,0
G2176,0.291472868,0
G2177,0.20045819,0
G2178,0.318318318,0
G2179,0.339088092,0
G2180,0.24822695,0
G2181,0.227722772,0
G2182,0.072289157,0
G2183,0.058823529,0
G2184,0.06993007,0
G2185,0.095843936,0
G2186,0.121863799,0
G2187,0.195286195,0
G2188,0.093617021,0
G2189,0.325203252,0
G2190,0.416666667,0
G2191,0.105882353,0
G2192,0.066666667,0
G2193,0.075117371,0
G2194,0.122153209,0
G2195,0.12037037,0
G2196,0.097308489,0
G2197,0.232905983,0
G2198,0.204022989,0
G2199,0.226214238,0
G2200,0.282575758,0
G2201,0.233995585,0
G2202,0.25,0
G2203,0.068965517,0
G2204,0.255605381,0
G2205,0.317269076,0
G2206,0.1973466,0
G2207,0.283154122,0
G2208,0.077056277,0
G2209,0.118996416,0
G2210,0.224358974,0
G2211,0.223703704,0
G2212,0.094594595,0
G2213,0.207858048,0
G2214,0.202247191,0
G2215,0.0997151,0
G2216,0.065217391,0
G2217,0.19384058,0
G2218,0.077319588,0
G2219,0.103535354,0
G2220,0.047535211,0
G2221,0.125,0
G2222,0.06918239,0
G2223,0.22275641,0
G2224,0.075163399,0
G2225,0.094368341,0
G2226,0.450980392,0
G2227,0.120541205,0
G2228,0.059322034,0
G2229,0.3,0
G2230,0.103519669,0
G2231,0.078947368,0
G2232,0.101626016,0
G2233,0.330827068,0
G2234,0.302083333,0
G2235,0.116666667,0
G2236,0.083060109,0
G2237,0.227824463,0
G2238,0.188172043,0
G2239,0.075833333,0
G2240,0.076674738,0
G2241,0.217238347,0
G2242,0.083712466,0
G2243,0.104700855,0
G2244,0.073619632,0
G2245,0.205128205,0
G2246,0.228070175,0
G2247,0.184738956,0
G2248,0.107936508,0
G2249,0.382222222,0
G2250,0.438095238,0
G2251,0.067724868,0
G2252,0.129750271,0
G2253,0.308052434,0
G2254,0.123509776,0
G2255,0.226900585,0
G2256,0.084048027,0
G2257,0.455377252,0
G2258,0.441358025,0
G2259,0.089673913,0
G2260,0.084,0
G2261,0.356884058,0
G2262,0.260536398,0
G2263,0.1184573,0
G2264,0.082191781,0
G2265,0.246059208,0
G2266,0.108828006,0
G2267,0.209083119,0
G2268,0.181818182,0
G2269,0.214084507,0
G2270,0.099173554,0
G2271,0.21884058,0
G2272,0.325887743,0
G2273,0.19599218,0
G2274,0.251336898,0
G2275,0.116959064,0
G2276,0.343859649,0
G2277,0.074529075,0
G2278,0.226269316,0
G2279,0.092578804,0
G2280,0.054711246,0
G2281,0.270152505,0
G2282,0.247284879,0
G2283,0.179941003,0
G2284,0.211538462,0
G2285,0.062222222,0
G2286,0.335152342,0
G2287,0.408564815,0
G2288,0.390350877,0
G2289,0.286163522,0
G2290,0.08974359,0
G2291,0.092198582,0
G2292,0.058823529,0
G2293,0.235973597,0
G2294,0.314553991,0
G2295,0.299492386,0
G2296,0.074074074,0
G2297,0.293103448,0
G2298,0.216987866,0
G2299,0.287858117,0
G2300,0.088541667,0
G2301,0.04855643,0
G2302,0.067836257,0
G2303,0.261988304,0
G2304,0.047770701,0
G2305,0.352170352,0
G2306,0.094339623,0
G2307,0.597462514,0
G2308,0.093922652,0
G2309,0.364705882,0
G2310,0.193205945,0
G2311,0.080833333,0
G2312,0.107526882,0
G2313,0.090163934,0
G2314,0.315983176,0
G2315,0.104417671,0
G2316,0.046666667,0
G2317,0.094117647,0
G2318,0.323529412,0
G2319,0.087848933,0
G2320,0.06557377,0
G2321,0.338028169,0
G2322,0.069882498,0
G2323,0.076893502,0
G2324,0.14021164,0
G2325,0.060118089,0
G2326,0.04526749,0
G2327,0.064327485,0
G2328,0.27528584,0
G2329,0.065088757,0
G2330,0.056384743,0
G2331,0.053089643,0
G2332,0.122065728,0
G2333,0.343283582,0
G2334,0.088435374,0
G2335,0.235081374,0
G2336,0.109869646,0
G2337,0.108534047,0
G2338,0.192214112,0
G2339,0.142964635,0
G2340,0.411764706,0
G2341,0.059936909,0
G2342,0.057995495,0
G2343,0.049667179,0
G2344,0.736196319,0
G2345,0.328767123,0
G2346,0.217150761,0
G2347,0.095076401,0
G2348,0.086533538,0
G2349,0.2995338,0
G2350,0.082568807,0
G2351,0.095,0
G2352,0.242582897,0
G2353,0.043859649,0
G2354,0.195205479,0
G2355,0.034482759,0
G2356,0.032374101,0
G2357,0.34591195,0
G2358,0.086956522,0
G2359,0.097001764,0
G2360,0.115044248,0
G2361,0.070460705,0
G2362,0.046886447,0
G2363,0.315292096,0
G2364,0.194895592,0
G2365,0.218905473,0
G2366,0.312271062,0
G2367,0.170988087,0
G2368,0.125,0
G2369,0.274725275,0
G2370,0.051282051,0
G2371,0.244186047,0
G2372,0.074879227,0
G2373,0.097435897,0
G2374,0.081481481,0
G2375,0.031862745,0
G2376,0.045731707,0
G2377,0.080291971,0
G2378,0.051020408,0
G2379,0.367521368,0
G2380,0.070048309,0
G2381,0.088008801,0
G2382,0.288557214,0
G2383,0.172619048,0
G2384,0.103286385,0
G2385,0.067846608,0
G2386,0.159722222,0
G2387,0.084577114,0
G2388,0.22962963,0
G2389,0.042294807,0
G2390,0.085399449,0
G2391,0.203252033,0
G2392,0.053763441,0
G2393,0.438596491,0
G2394,0.071123755,0
G2395,0.119402985,0
G2396,0.105633803,0
G2397,0.275362319,0
G2398,0.164800459,0
G2399,0.333333333,0
G2400,0.117391304,0
G2401,0.070422535,0
G2402,0.116788321,0
G2403,0.073260073,0
G2404,0.084093212,0
G2405,0.068836513,0
G2406,0.22392638,0
G2407,0.045833333,0
G2408,0.236914601,0
G2409,0.430868167,0
G2410,0.028846154,0
G2411,0.350553506,0
G2412,0.086666667,0
G2413,0.076441103,0
G2414,0.20441989,0
G2415,0.04359673,0
G2416,0.356770833,0
G2417,0.065439673,0
G2418,0.210526316,0
G2419,0.097849462,0
G2420,0.111111111,0
G2421,0.100368324,0
G2422,0.279569892,0
G2423,0.17414248,0
G2424,0.022556391,0
G2425,0.091445428,0
G2426,0.093167702,0
G2427,0.287756926,0
G2428,0.051622419,0
G2429,0.041125541,0
G2430,0.168195719,0
G2431,0.171568627,0
G2432,0.072987208,0
G2433,0.216014898,0
G2434,0.09414025,0
G2435,0.140589569,0
G2436,0.075955491,0
G2437,0.036231884,0
G2438,0.297520661,0
G2439,0.248730964,0
G2440,0.044117647,0
G2441,0.075144509,0
G2442,0.083333333,0
G2443,0.044102564,0
G2444,0.092540132,0
G2445,0.103547855,0
G2446,0.218942189,0
G2447,0.368191721,0
G2448,0.169835234,0
G2449,0.09264854,0
G2450,0.221500722,0
G2451,0.212121212,0
G2452,0.242085661,0
G2453,0.112554113,0
G2454,0.243064182,0
G2455,0.416091954,0
G2456,0.301587302,0
G2457,0.113253012,0
G2458,0.087658593,0
G2459,0.241496599,0
G2460,0.325036603,0
G2461,0.102150538,0
G2462,0.089617486,0
G2463,0.071428571,0
G2464,0.240740741,0
G2465,0.084003575,0
G2466,0.157181572,0
G2467,0.225352113,0
G2468,0.057248384,0
G2469,0.083333333,0
G2470,0.223880597,0
G2471,0.08388521,0
G2472,0.134751773,0
G2473,0.109730849,0
G2474,0.247823861,0
G2475,0.058139535,0
G2476,0.28125,0
G2477,0.246174318,0
G2478,0.070175439,0
G2479,0.07346691,0
G2480,0.235588972,0
G2481,0.264122709,0
G2482,0.100543478,0
G2483,0.066479401,0
G2484,0.082508251,0
G2485,0.114478114,0
G2486,0.137626263,0
G2487,0.228360958,0
G2488,0.224509804,0
G2489,0.226993865,0
G2490,0.215469613,0
G2491,0.083140878,0
G2492,0.043373494,0
G2493,0.185840708,0
G2494,0.139784946,0
G2495,0.223809524,0
G2496,0.06,0
G2497,0.256594724,0
G2498,0.293650794,0
G2499,0.118012422,0
G2500,0.045751634,0
G2501,0.433333333,0
G2502,0.209850107,0
G2503,0.035416667,0
G2504,0.067961165,0
G2505,0.232016211,0
G2506,0.543859649,0
G2507,0.269635127,0
G2508,0.301369863,0
G2509,0.102564103,0
G2510,0.093896714,0
G2511,0.104347826,0
G2512,0.197945845,0
G2513,0.09047619,0
G2514,0.079422383,0
G2515,0.273092369,0
G2516,0.25,0
G2517,0.234042553,0
G2518,0.2,0
G2519,0.091168091,0
G2520,0.166666667,0
G2521,0.057767369,0
G2522,0.054901961,0
G2523,0.367303609,0
G2524,0.112222222,0
G2525,0.073825503,0
G2526,0.319248826,0
G2527,0.168076706,0
G2528,0.191091954,0
G2529,0.276094276,0
G2530,0.321321321,0
G2531,0.221102151,0
G2532,0.103787879,0
G2533,0.039215686,0
G2534,0.185897436,0
G2535,0.167144222,0
G2536,0.457654723,0
G2537,0.314285714,0
G2538,0.081460674,0
G2539,0.221674877,0
G2540,0.302052786,0
G2541,0.255208333,0
G2542,0.12004662,0
G2543,0.067882472,0
G2544,0.318681319,0
G2545,0.041666667,0
G2546,0.1826742,0
G2547,0.085470085,0
G2548,0.042838019,0
G2549,0.060422961,0
G2550,0.213675214,0
G2551,0.223385689,0
G2552,0.259259259,0
G2553,0.082981716,0
G2554,0.126068376,0
G2555,0.254385965,0
G2556,0.018348624,0
G2557,0.237426901,0
G2558,0.07827476,0
G2559,0.082633053,0
G2560,0.229407236,0
G2561,0.266203704,0
G2562,0.361229314,0
G2563,0.04048583,0
G2564,0.141472868,0
G2565,0.218735789,0
G2566,0.1,0
G2567,0.102171137,0
G2568,0.260292165,0
G2569,0.184210526,0
G2570,0.237179487,0
G2571,0.062706271,0
G2572,0.055555556,0
G2573,0.105691057,0
G2574,0.217391304,0
G2575,0.118863049,0
G2576,0.08045977,0
G2577,0.123123123,0
G2578,0.079096045,0
G2579,0.192680776,0
G2580,0.064393939,0
G2581,0.293995859,0
G2582,0.278616352,0
G2583,0.192982456,0
G2584,0.080578512,0
G2585,0.092970522,0
G2586,0.117041199,0
G2587,0.447154472,0
G2588,0.055876686,0
G2589,0.148837209,0
G2590,0.099806202,0
G2591,0.29753915,0
G2592,0.103016924,0
G2593,0.241830065,0
G2594,0.079812207,0
G2595,0.048309179,0
G2596,0.125128205,0
G2597,0.251068376,0
G2598,0.020833333,0
G2599,0.049828179,0
G2600,0.082159624,0
G2601,0.060493827,0
G2602,0.079497908,0
G2603,0.263157895,0
G2604,0.244808743,0
G2605,0.245989305,0
G2606,0.309090909,0
G2607,0.318376068,0
G2608,0.182389937,0
G2609,0.423728814,0
G2610,0.055928412,0
G2611,0.217497556,0
G2612,0.02875817,0
G2613,0.117794486,0
G2614,0.221354167,0
G2615,0.042579075,0
G2616,0.10915493,0
G2617,0.056074766,0
G2618,0.242173112,0
G2619,0.418918919,0
G2620,0.230630631,0
G2621,0.039337474,0
G2622,0.099502488,0
G2623,0.086956522,0
G2624,0.195195195,0
G2625,0.074242424,0
G2626,0.093989071,0
G2627,0.2723449,0
G2628,0.202898551,0
G2629,0.074275362,0
G2630,0.072793449,0
G2631,0.21124498,0
G2632,0.099415205,0
G2633,0.082222222,0
G2634,0.109056425,0
G2635,0.216510903,0
G2636,0.083333333,0
G2637,0.051057622,0
G2638,0.040498442,0
G2639,0.092783505,0
G2640,0.089285714,0
G2641,0.19047619,0
G2642,0.052586938,0
G2643,0.122222222,0
G2644,0.293785311,0
G2645,0.166666667,0
G2646,0.08436214,0
G2647,0.123958333,0
G2648,0.247311828,0
G2649,0.258503401,0
G2650,0.114695341,0
G2651,0.331133113,0
G2652,0.271849593,0
G2653,0.255411255,0
G2654,0.058980213,0
G2655,0.079584775,0
G2656,0.066666667,0
G2657,0.220779221,0
G2658,0.29787234,0
G2659,0.072072072,0
G2660,0.064659978,0
G2661,0.141552511,0
G2662,0.105839416,0
G2663,0.235955056,0
G2664,0.053333333,0
G2665,0.069892473,0
G2666,0.16998672,0
G2667,0.077097506,0
G2668,0.201336675,0
G2669,0.076254556,0
G2670,0.30560472,0
G2671,0.187214612,0
G2672,0.213333333,0
G2673,0.338383838,0
G2674,0.204152249,0
G2675,0.218905473,0
G2676,0.171907757,0
G2677,0.246468927,0
G2678,0.317460317,0
G2679,0.18844697,0
G2680,0.256830601,0
G2681,0.093513258,0
G2682,0.358110724,0
G2683,0.234417344,0
G2684,0.115456238,0
G2685,0.046783626,0
G2686,0.501501502,0
G2687,0.093701997,0
G2688,0.066308244,0
G2689,0.233695652,0
G2690,0.125150421,0
G2691,0.22605364,0
G2692,0.112449799,0
G2693,0.035161744,0
G2694,0.19586105,0
G2695,0.259003831,0
G2696,0.378787879,0
G2697,0.067349927,0
G2698,0.490610329,0
G2699,0.385964912,0
G2700,0.193771626,0
G2701,0.209245742,0
G2702,0.251948052,0
G2703,0.172139303,0
G2704,0.054928518,0
G2705,0.071672355,0
G2706,0.118589744,0
G2707,0.074074074,0
G2708,0.233333333,0
G2709,0.111111111,0
G2710,0.151315789,0
G2711,0.070175439,0
G2712,0.055837563,0
G2713,0.114660115,0
G2714,0.122962963,0
G2715,0.451197053,0
G2716,0.177993528,0
G2717,0.075117371,0
G2718,0.157894737,0
G2719,0.073303616,0
G2720,0.108225108,0
G2721,0.21969697,0
G2722,0.359848485,0
G2723,0.294392523,0
G2724,0.062091503,0
G2725,0.065789474,0
G2726,0.101769912,0
G2727,0.215986395,0
G2728,0.063752277,0
G2729,0.106157113,0
G2730,0.390243902,0
G2731,0.065693431,0
G2732,0.082375479,0
G2733,0.040740741,0
G2734,0.127853881,0
G2735,0.207729469,0
G2736,0.232704403,0
G2737,0.063260341,0
G2738,0.163817664,0
G2739,0.412054121,0
G2740,0.363636364,0
G2741,0.2039801,0
G2742,0.185964912,0
G2743,0.06300813,0
G2744,0.144329897,0
G2745,0.244444444,0
G2746,0.090909091,0
G2747,0.082655827,0
G2748,0.31372549,0
G2749,0.227197347,0
G2750,0.414438503,0
G2751,0.494565217,0
G2752,0.047407407,0
G2753,0.046831956,0
G2754,0.122605364,0
G2755,0.265651438,0
G2756,0.014814815,0
G2757,0.233689205,0
G2758,0.075117371,0
G2759,0.162162162,0
G2760,0.090381426,0
G2761,0.116945107,0
G2762,0.206140351,0
G2763,0.25,0
G2764,0.069735007,0
G2765,0.095785441,0
G2766,0.294825511,0
G2767,0.107438017,0
G2768,0.517730496,0
G2769,0.274509804,0
G2770,0.257123923,0
G2771,0.253745318,0
G2772,0.034764826,0
G2773,0.276248726,0
G2774,0.242971888,0
G2775,0.087809037,0
G2776,0.142156863,0
G2777,0.193225558,0
G2778,0.073546856,0
G2779,0.051124744,0
G2780,0.205858086,0
G2781,0.272429601,0
G2782,0.186176143,0
G2783,0.117415288,0
G2784,0.041994751,0
G2785,0.055974843,0
G2786,0.231414868,0
G2787,0.243727599,0
G2788,0.096107056,0
G2789,0.060606061,0
G2790,0.146666667,0
G2791,0.039938556,0
G2792,0.109090909,0
G2793,0.207434053,0
G2794,0.297619048,0
G2795,0.089834515,0
G2796,0.263888889,0
G2797,0.056032018,0
G2798,0.313932981,0
G2799,0.678301338,0
G2800,0.070010449,0
G2801,0.265151515,0
G2802,0.465909091,0
G2803,0.255892256,0
G2804,0.234567901,0
G2805,0.655172414,0
G2806,0.308823529,0
G2807,0.045454545,0
G2808,0.078431373,0
G2809,0.065299924,0
G2810,0.041666667,0
G2811,0.116224189,0
G2812,0.322147651,0
G2813,0.024300053,0
G2814,0.105515588,0
G2815,0.063657407,0
G2816,0.103988604,0
G2817,0.347809948,0
G2818,0.191919192,0
G2819,0.235404896,0
G2820,0.090604027,0
G2821,0.084291188,0
G2822,0.318555008,0
G2823,0.082212257,0
G2824,0.260273973,0
G2825,0.384265575,0
G2826,0.062015504,0
G2827,0.098039216,0
G2828,0.333333333,0
G2829,0.200913242,0
G2830,0.096700796,0
G2831,0.200501253,0
G2832,0.211731044,0
G2833,0.066666667,0
G2834,0.242574257,0
G2835,0.117370892,0
G2836,0.071087216,0
G2837,0.2,0
G2838,0.425120773,0
G2839,0.186711522,0
G2840,0.03236246,0
G2841,0.076526858,0
G2842,0.075418994,0
G2843,0.200934579,0
G2844,0.157088123,0
G2845,0.233333333,0
G2846,0.203520352,0
G2847,0.078014184,0
G2848,0.249291785,0
G2849,0.10692951,0
G2850,0.197183099,0
G2851,0.097584541,0
G2852,0.067908903,0
G2853,0.071815718,0
G2854,0.315426997,0
G2855,0.091627172,0
G2856,0.072154472,0
G2857,0.281578947,0
G2858,0.06543495,0
G2859,0.085714286,0
G2860,0.192439863,0
G2861,0.335403727,0
G2862,0.073746313,0
G2863,0.185614849,0
G2864,0.06763285,0
G2865,0.082287308,0
G2866,0.10994152,0
G2867,0.231884058,0
G2868,0.180952381,0
G2869,0.08045977,0
G2870,0.264516129,0
G2871,0.230088496,0
G2872,0.229580574,0
G2873,0.219264892,0
G2874,0.078904992,0
G2875,0.061994609,0
G2876,0.111753372,0
G2877,0.135135135,0
G2878,0.411512027,0
G2879,0.149122807,0
G2880,0.09761163,0
G2881,0.104104104,0
G2882,0.213779129,0
G2883,0.229437229,0
G2884,0.059980334,0
G2885,0.253041363,0
G2886,0.422705314,0
G2887,0.077715356,0
G2888,0.091954023,0
G2889,0.147619048,0
G2890,0.085131894,0
G2891,0.286231884,0
G2892,0.299283154,0
G2893,0.2578125,0
G2894,0.227138643,0
G2895,0.305985205,0
G2896,0.233545648,0
G2897,0.346846847,0
G2898,0.195643239,0
G2899,0.109090909,0
G2900,0.32911985,0
G2901,0.53068933,0
G2902,0.37037037,0
G2903,0.252620545,0
G2904,0.284240924,0
G2905,0.203761755,0
G2906,0.073536526,0
G2907,0.113283208,0
G2908,0.10141844,0
G2909,0.08974359,0
G2910,0.22875817,0
G2911,0.076197388,0
G2912,0.089928058,0
G2913,0.243055556,0
G2914,0.053905391,0
G2915,0.137323944,0
G2916,0.117117117,0
G2917,0.059734513,0
G2918,0.089552239,0
G2919,0.041420118,0
G2920,0.30745098,0
G2921,0.100671141,0
G2922,0.065602837,0
G2923,0.29039548,0
G2924,0.080729167,0
G2925,0.089552239,0
G2926,0.068273092,0
G2927,0.232905983,0
G2928,0.052341598,0
G2929,0.439814815,0
G2930,0.094878254,0
G2931,0.0625,0
G2932,0.04427736,0
G2933,0.20521542,0
G2934,0.108695652,0
G2935,0.111111111,0
G2936,0.29390681,0
G2937,0.403780069,0
G2938,0.217580505,0
G2939,0.242424242,0
G2940,0.188131313,0
G2941,0.124146493,0
G2942,0.212389381,0
G2943,0.279034691,0
G2944,0.23495702,0
G2945,0.496350365,0
G2946,0.336507937,0
G2947,0.242424242,0
G2948,0.242729306,0
G2949,0.206096753,0
G2950,0.192837466,0
G2951,0.076131687,0
G2952,0.364425163,0
G2953,0.329758713,0
G2954,0.058510638,0
G2955,0.10483871,0
G2956,0.057259714,0
G2957,0.053703704,0
G2958,0.101983003,0
G2959,0.241007194,0
G2960,0.226708075,0
G2961,0.284552846,0
G2962,0.062003968,0
G2963,0.062330623,0
G2964,0.308419244,0
G2965,0.254901961,0
G2966,0.169000934,0
G2967,0.256816183,0
G2968,0.071553229,0
G2969,0.189845475,0
G2970,0.183246073,0
G2971,0.104303428,0
G2972,0.056956116,0
G2973,0.380252101,0
G2974,0.101265823,0
G2975,0.204022989,0
G2976,0.347263682,0
G2977,0.19047619,0
G2978,0.045045045,0
G2979,0.083574879,0
G2980,0.061032864,0
G2981,0.101740295,0
G2982,0.081761006,0
G2983,0.072588348,0
G2984,0.095140315,0
G2985,0.219677693,0
G2986,0.227309237,0
G2987,0.104067618,0
G2988,0.361481481,0
G2989,0.064239829,0
G2990,0.081339713,0
G2991,0.185897436,0
G2992,0.072303922,0
G2993,0.273164862,0
G2994,0.271929825,0
G2995,0.063492063,0
G2996,0.119125683,0
G2997,0.23880597,0
G2998,0.086580087,0
G2999,0.070512821,0
G3000,0.206840391,0
G3001,0.392807746,0
G3002,0.265232975,0
G3003,0.079812207,0
G3004,0.103448276,0
G3005,0.093567251,0
G3006,0.391472868,0
G3007,0.07960199,0
G3008,0.269406393,0
G3009,0.349593496,0
G3010,0.100238663,0
G3011,0.164383562,0
G3012,0.165697674,0
G3013,0.104437229,0
G3014,0.462246777,0
G3015,0.088719899,0
G3016,0.075650118,0
G3017,0.280510018,0
G3018,0.090038314,0
G3019,0.080074488,0
G3020,0.20221169,0
G3021,0.035261708,0
G3022,0.22841657,0
G3023,0.180751174,0
G3024,0.163919414,0
G3025,0.091722595,0
G3026,0.240740741,0
G3027,0.323383085,0
G3028,0.302350427,0
G3029,0.176470588,0
G3030,0.08496732,0
G3031,0.052730697,0
G3032,0.117647059,0
G3033,0.312128923,0
G3034,0.104938272,0
G3035,0.297343616,0
G3036,0.366319444,0
G3037,0.111111111,0
G3038,0.067869416,0
G3039,0.086567164,0
G3040,0.445355191,0
G3041,0.261904762,0
G3042,0.230425056,0
G3043,0.116827438,0
G3044,0.219202899,0
G3045,0.326007326,0
G3046,0.052154195,0
G3047,0.040160643,0
G3048,0.292889759,0
G3049,0.127240143,0
G3050,0.295180723,0
G3051,0.048969072,0
G3052,0.25,0
G3053,0.066666667,0
G3054,0.212931996,0
G3055,0.286738351,0
G3056,0.159863946,0
G3057,0.333333333,0
G3058,0.122727273,0
G3059,0.185840708,0
G3060,0.06010929,0
G3061,0.191397849,0
G3062,0.247379455,0
G3063,0.108108108,0
G3064,0.086309524,0
G3065,0.213228895,0
G3066,0.254385965,0
G3067,0.196347032,0
G3068,0.425531915,0
G3069,0.095046854,0
G3070,0.104575163,0
G3071,0.137426901,0
G3072,0.192982456,0
G3073,0.143730887,0
G3074,0.228775693,0
G3075,0.214765101,0
G3076,0.103519669,0
G3077,0.041322314,0
G3078,0.094819159,0
G3079,0.08045977,0
G3080,0.335029686,0
G3081,0.244008715,0
G3082,0.239130435,0
G3083,0.207317073,0
G3084,0.079872204,0
G3085,0.231414868,0
G3086,0.134689922,0
G3087,0.36453202,0
G3088,0.23297491,0
G3089,0.130619169,0
G3090,0.064748201,0
G3091,0.077694236,0
G3092,0.282215122,0
G3093,0.096866097,0
G3094,0.204861111,0
G3095,0.169960474,0
G3096,0.280952381,0
G3097,0.090909091,0
G3098,0.06824147,0
G3099,0.202821869,0
G3100,0.487905605,0
G3101,0.278645833,0
G3102,0.096059113,0
G3103,0.184672207,0
G3104,0.231601732,0
G3105,0.41754386,0
G3106,0.251162791,0
G3107,0.033816425,0
G3108,0.09009009,0
G3109,0.207983193,0
G3110,0.053467001,0
G3111,0.252115059,0
G3112,0.153508772,0
G3113,0.319977741,0
G3114,0.06,0
G3115,0.430672269,0
G3116,0.094017094,0
G3117,0.073746313,0
G3118,0.288557214,0
G3119,0.234006734,0
G3120,0.228571429,0
G3121,0.234666667,0
G3122,0.198924731,0
G3123,0.219653179,0
G3124,0.427495292,0
G3125,0.044733045,0
G3126,0.057902973,0
G3127,0.041871921,0
G3128,0.119047619,0
G3129,0.26984127,0
G3130,0.032738095,0
G3131,0.051529791,0
G3132,0.216216216,0
G3133,0.109271523,0
G3134,0.085794655,0
G3135,0.202816901,0
G3136,0.253768844,0
G3137,0.340544872,0
G3138,0.049818841,0
G3139,0.396464646,0
G3140,0.119205298,0
G3141,0.094512195,0
G3142,0.202321725,0
G3143,0.157575758,0
G3144,0.21399177,0
G3145,0.230409357,0
G3146,0.06959707,0
G3147,0.200374532,0
G3148,0.088769334,0
G3149,0.326495726,0
G3150,0.077134986,0
G3151,0.078431373,0
G3152,0.189125296,0
G3153,0.09263658,0
G3154,0.104261796,0
G3155,0.175675676,0
G3156,0.047953216,0
G3157,0.252012882,0
G3158,0.179749716,0
G3159,0.046296296,0
G3160,0.22008547,0
G3161,0.081464873,0
G3162,0.210185185,0
G3163,0.302794022,0
G3164,0.231563422,0
G3165,0.134615385,0
G3166,0.458333333,0
G3167,0.08045977,0
G3168,0.19436553,0
G3169,0.099502488,0
G3170,0.156140351,0
G3171,0.211484594,0
G3172,0.27027027,0
G3173,0.25229741,0
G3174,0.263681592,0
G3175,0.083333333,0
G3176,0.221878225,0
G3177,0.096196868,0
G3178,0.410546139,0
G3179,0.241830065,0
G3180,0.305449937,0
G3181,0.215053763,0
G3182,0.114427861,0
G3183,0.169530355,0
G3184,0.053619303,0
G3185,0.116915423,0
G3186,0.239625167,0
G3187,0.402515723,0
G3188,0.125,0
G3189,0.037627269,0
G3190,0.2,0
G3191,0.05,0
G3192,0.399801587,0
G3193,0.219672131,0
G3194,0.237897649,0
G3195,0.314035088,0
G3196,0.261744966,0
G3197,0.172754947,0
G3198,0.338983051,0
G3199,0.071038251,0
G3200,0.093548387,0
G3201,0.118895966,0
G3202,0.111111111,0
G3203,0.045454545,0
G3204,0.197108067,0
G3205,0.096296296,0
G3206,0.081979892,0
G3207,0.094936709,0
G3208,0.086894587,0
G3209,0.070493454,0
G3210,0.360881543,0
G3211,0.238518519,0
G3212,0.061094819,0
G3213,0.220272904,0
G3214,0.104166667,0
G3215,0.073059361,0
G3216,0.064896755,0
G3217,0.111864407,0
G3218,0.06974359,0
G3219,0.256666667,0
G3220,0.19382716,0
G3221,0.298129813,0
G3222,0.180515759,0
G3223,0.085365854,0
G3224,0.090379009,0
G3225,0.233870968,0
G3226,0.316336166,0
G3227,0.194602813,0
G3228,0.226744186,0
G3229,0.139784946,0
G3230,0.104166667,0
G3231,0.300653595,0
G3232,0.112338858,0
G3233,0.125786164,0
G3234,0.034482759,0
G3235,0.165413534,0
G3236,0.065643649,0
G3237,0.363013699,0
G3238,0.272503083,0
G3239,0.182291667,0
G3240,0.238927739,0
G3241,0.070588235,0
G3242,0.074906367,0
G3243,0.277777778,0
G3244,0.17254902,0
G3245,0.114241002,0
G3246,0.125448029,0
G3247,0.205811138,0
G3248,0.304347826,0
G3249,0.202150538,0
G3250,0.063636364,0
G3251,0.103896104,0
G3252,0.082269504,0
G3253,0.264957265,0
G3254,0.258215962,0
G3255,0.229166667,0
G3256,0.106666667,0
G3257,0.194765204,0
G3258,0.100877193,0
G3259,0.102171137,0
G3260,0.054166667,0
G3261,0.422222222,0
G3262,0.017241379,0
G3263,0.186147186,0
G3264,0.203612479,0
G3265,0.145797599,0
G3266,0.07591623,0
G3267,0.406731549,0
G3268,0.198630137,0
G3269,0.065693431,0
G3270,0.056516724,0
G3271,0.229314421,0
G3272,0.068965517,0
G3273,0.29787234,0
G3274,0.067836257,0
G3275,0.103942652,0
G3276,0.260080645,0
G3277,0.218855219,0
G3278,0.23297491,0
G3279,0.243137255,0
G3280,0.307823129,0
G3281,0.049079755,0
G3282,0.271428571,0
G3283,0.15339233,0
G3284,0.393192488,0
G3285,0.196825397,0
G3286,0.253472222,0
G3287,0.208260617,0
G3288,0.272131148,0
G3289,0.231884058,0
G3290,0.271535581,0
G3291,0.097308489,0
G3292,0.104868914,0
G3293,0.242268041,0
G3294,0.0839599,0
G3295,0.038784067,0
G3296,0.07960199,0
G3297,0.107142857,0
G3298,0.182917611,0
G3299,0.108938547,0
G3300,0.205128205,0
G3301,0.121693122,0
G3302,0.090177134,0
G3303,0.161934805,0
G3304,0.025641026,0
G3305,0.106666667,0
G3306,0.189794945,0
G3307,0.104651163,0
G3308,0.205205205,0
G3309,0.054726368,0
G3310,0.224074074,0
G3311,0.327991453,0
G3312,0.130208333,0
G3313,0.23655914,0
G3314,0.07751938,0
G3315,0.220238095,0
G3316,0.39929078,0
G3317,0.189583333,0
G3318,0.051190476,0
G3319,0.490942029,0
G3320,0.03030303,0
G3321,0.177536232,0
G3322,0.235955056,0
G3323,0.148018648,0
G3324,0.244142101,0
G3325,0.063291139,0
G3326,0.264329438,0
G3327,0.068917018,0
G3328,0.231884058,0
G3329,0.118733509,0
G3330,0.104575163,0
G3331,0.229096363,0
G3332,0.130193906,0
G3333,0.116666667,0
G3334,0.203030303,0
G3335,0.076318743,0
G3336,0.208333333,0
G3337,0.137457045,0
G3338,0.062639821,0
G3339,0.124293785,0
G3340,0.056910569,0
G3341,0.049180328,0
G3342,0.292035398,0
G3343,0.065485776,0
G3344,0.179443498,0
G3345,0.298850575,0
G3346,0.228621291,0
G3347,0.052770449,0
G3348,0.100546448,0
G3349,0.297435897,0
G3350,0.095916429,0
G3351,0.307426598,0
G3352,0.068376068,0
G3353,0.234881471,0
G3354,0.063492063,0
G3355,0.098654709,0
G3356,0.092198582,0
G3357,0.270152505,0
G3358,0.072566372,0
G3359,0.094412331,0
G3360,0.259689922,0
G3361,0.141762452,0
G3362,0.007936508,0
G3363,0.1171459,0
G3364,0.050096339,0
G3365,0.039716312,0
G3366,0.022346369,0
G3367,0.236818588,0
G3368,0.045045045,0
G3369,0.16091954,0
G3370,0.171060891,0
G3371,0.082978723,0
G3372,0.168888889,0
G3373,0.142857143,0
G3374,0.270300028,0
G3375,0.273175542,0
G3376,0.273631841,0
G3377,0.298611111,0
G3378,0.10430839,0
G3379,0.062015504,0
G3380,0.102827763,0
G3381,0.154954955,0
G3382,0.088541667,0
G3383,0.345454545,0
G3384,0.212365591,0
G3385,0.039269406,0
G3386,0.120437956,0
G3387,0.053921569,0
G3388,0.203966006,0
G3389,0.071161049,0
G3390,0.103864734,0
G3391,0.17431694,0
G3392,0.063913471,0
G3393,0.105022831,0
G3394,0.21316166,0
G3395,0.041666667,0
G3396,0.196969697,0
G3397,0.065527066,0
G3398,0.058902276,0
G3399,0.099756691,0
G3400,0.23655914,0
G3401,0.164835165,0
G3402,0.186721992,0
G3403,0.28,0
G3404,0.095070423,0
G3405,0.121568627,0
G3406,0.075601375,0
G3407,0.117671692,0
G3408,0.078616352,0
G3409,0.083333333,0
G3410,0.17431694,0
G3411,0.07628524,0
G3412,0.43837535,0
G3413,0.272222222,0
G3414,0.194630872,0
G3415,0.04632427,0
G3416,0.046875,0
G3417,0.05775076,0
G3418,0.156862745,0
G3419,0.121654501,0
G3420,0.248148148,0
G3421,0.196868009,0
G3422,0.273809524,0
G3423,0.105263158,0
G3424,0.159779614,0
G3425,0.073593074,0
G3426,0.253054101,0
G3427,0.044871795,0
G3428,0.408163265,0
G3429,0.167883212,0
G3430,0.103244838,0
G3431,0.201754386,0
G3432,0.052631579,0
G3433,0.100877193,0
G3434,0.162790698,0
G3435,0.270003792,0
G3436,0.034632035,0
G3437,0.192592593,0
G3438,0.206140351,0
G3439,0.100877193,0
G3440,0.107142857,0
G3441,0.04964539,0
G3442,0.047141797,0
G3443,0.080586081,0
G3444,0.054589372,0
G3445,0.120996441,0
G3446,0.30674264,0
G3447,0.227722772,0
G3448,0.297587131,0
G3449,0.311233886,0
G3450,0.226415094,0
G3451,0.366666667,0
G3452,0.0716946,0
G3453,0.058103976,0
G3454,0.265536723,0
G3455,0.065735893,0
G3456,0.236467236,0
G3457,0.09372237,0
G3458,0.273584906,0
G3459,0.297297297,0
G3460,0.314402376,0
G3461,0.05952381,0
G3462,0.055555556,0
G3463,0.296372348,0
G3464,0.274074074,0
G3465,0.157181572,0
G3466,0.074509804,0
G3467,0.206896552,0
G3468,0.088435374,0
G3469,0.451515152,0
G3470,0.26984127,0
G3471,0.23681592,0
G3472,0.071428571,0
G3473,0.225957049,0
G3474,0.088811995,0
G3475,0.113333333,0
G3476,0.124183007,0
G3477,0.069815195,0
G3478,0.098173516,0
G3479,0.117647059,0
G3480,0.270167428,0
G3481,0.068783069,0
G3482,0.242578456,0
G3483,0.060646304,0
G3484,0.19047619,0
G3485,0.394335512,0
G3486,0.117370892,0
G3487,0.384057971,0
G3488,0.101092896,0
G3489,0.214912281,0
G3490,0.088888889,0
G3491,0.308857809,0
G3492,0.08033033,0
G3493,0.229665072,0
G3494,0.480367586,0
G3495,0.352941176,0
G3496,0.38079096,0
G3497,0.394444444,0
G3498,0.23644752,0
G3499,0.033872209,0
G3500,0.098039216,0
G3501,0.219188472,0
G3502,0.352112676,0
G3503,0.043560606,0
G3504,0.094444444,0
G3505,0.08781362,0
G3506,0.077673285,0
G3507,0.049751244,0
G3508,0.111363636,0
G3509,0.065700483,0
G3510,0.131979695,0
G3511,0.232905983,0
G3512,0.275462963,0
G3513,0.035509737,0
G3514,0.084577114,0
G3515,0.220189702,0
G3516,0.085798817,0
G3517,0.242767296,0
G3518,0.370165746,0
G3519,0.081652257,0
G3520,0.250604741,0
G3521,0.080152672,0
G3522,0.194158076,0
G3523,0.215650591,0
G3524,0.048177083,0
G3525,0.084365782,0
G3526,0.260485651,0
G3527,0.058879392,0
G3528,0.050387597,0
G3529,0.3157277,0
G3530,0.348148148,0
G3531,0.220064725,0
G3532,0.093632959,0
G3533,0.102150538,0
G3534,0.098540146,0
G3535,0.323965652,0
G3536,0.110726644,0
G3537,0.071614583,0
G3538,0.270325203,0
G3539,0.258119658,0
G3540,0.202222222,0
G3541,0.247113164,0
G3542,0.124503968,0
G3543,0.046613896,0
G3544,0.555555556,0
G3545,0.3352657,0
G3546,0.015151515,0
G3547,0.060047281,0
G3548,0.10005184,0
G3549,0.143341815,0
G3550,0.303030303,0
G3551,0.05890411,0
G3552,0.217391304,0
G3553,0.073412698,0
G3554,0.050332384,0
G3555,0.214628297,0
G3556,0.020833333,0
G3557,0.104575163,0
G3558,0.222222222,0
G3559,0.320754717,0
G3560,0.25070028,0
G3561,0.20781893,0
G3562,0.056497175,0
G3563,0.335429769,0
G3564,0.23943662,0
G3565,0.578627808,0
G3566,0.258064516,0
G3567,0.306784661,0
G3568,0.182291667,0
G3569,0.299065421,0
G3570,0.056516724,0
G3571,0.123287671,0
G3572,0.20952381,0
G3573,0.218468468,0
G3574,0.071794872,0
G3575,0.229559748,0
G3576,0.104116223,0
G3577,0.248427673,0
G3578,0.079178886,0
G3579,0.234074074,0
G3580,0.191341991,0
G3581,0.062962963,0
G3582,0.058823529,0
G3583,0.08141321,0
G3584,0.06,0
G3585,0.217002237,0
G3586,0.212983224,0
G3587,0.060170394,0
G3588,0.33033033,0
G3589,0.213276836,0
G3590,0.358787879,0
G3591,0.268181818,0
G3592,0.117647059,0
G3593,0.244897959,0
G3594,0.367303609,0
G3595,0.293478261,0
G3596,0.098859316,0
G3597,0.191056911,0
G3598,0.223809524,0
G3599,0.192708333,0
G3600,0.179292929,0
G3601,0.266089109,0
G3602,0.104761905,0
G3603,0.205128205,0
G3604,0.094185094,0
G3605,0.217699115,0
G3606,0.027746104,0
G3607,0.244444444,0
G3608,0.126817917,0
G3609,0.107407407,0
G3610,0.104712042,0
G3611,0.131868132,0
G3612,0.072041166,0
G3613,0.334299517,0
G3614,0.22009908,0
G3615,0.304761905,0
G3616,0.090415913,0
G3617,0.032462391,0
G3618,0.240924092,0
G3619,0.23956044,0
G3620,0.092592593,0
G3621,0.081761006,0
G3622,0.116959064,0
G3623,0.057177616,0
G3624,0.093333333,0
G3625,0.277978339,0
G3626,0.077120823,0
G3627,0.275312856,0
G3628,0.365754813,0
G3629,0.518796992,0
G3630,0.038535645,0
G3631,0.245614035,0
G3632,0.109022556,0
G3633,0.203941731,0
G3634,0.31097561,0
G3635,0.167374882,0
G3636,0.271229404,0
G3637,0.098913665,0
G3638,0.176,0
G3639,0.316939891,0
G3640,0.258865248,0
G3641,0.0861678,0
G3642,0.27037037,0
G3643,0.229755179,0
G3644,0.098958333,0
G3645,0.047619048,0
G3646,0.075487701,0
G3647,0.07748184,0
G3648,0.100628931,0
G3649,0.103448276,0
G3650,0.088557214,0
G3651,0.054323725,0
G3652,0.109756098,0
G3653,0.205513784,0
G3654,0.07329463,0
G3655,0.085808581,0
G3656,0.259259259,0
G3657,0.224776501,0
G3658,0.061302682,0
G3659,0.157303371,0
G3660,0.3003663,0
G3661,0.079812207,0
G3662,0.089485459,0
G3663,0.05785124,0
G3664,0.189231987,0
G3665,0.115591398,0
G3666,0.085526316,0
G3667,0.206896552,0
G3668,0.294573643,0
G3669,0.097597598,0
G3670,0.22417154,0
G3671,0.079812207,0
G3672,0.278787879,0
G3673,0.183333333,0
G3674,0.053652968,0
G3675,0.209813875,0
G3676,0.223350254,0
G3677,0.177083333,0
G3678,0.210428305,0
G3679,0.214611872,0
G3680,0.083333333,0
G3681,0.32230704,0
G3682,0.260740741,0
G3683,0.128930818,0
G3684,0.289256198,0
G3685,0.233918129,0
G3686,0.066666667,0
G3687,0.253205128,0
G3688,0.231155779,0
G3689,0.267973856,0
G3690,0.078212291,0
G3691,0.086458333,0
G3692,0.39800995,0
G3693,0.091954023,0
G3694,0.199354318,0
G3695,0.223155929,0
G3696,0.090032154,0
G3697,0.083140878,0
G3698,0.190721649,0
G3699,0.024007387,0
G3700,0.193359375,0
G3701,0.118721461,0
G3702,0.238095238,0
G3703,0.072796935,0
G3704,0.16,0
G3705,0.220013254,0
G3706,0.200408998,0
G3707,0.05005005,0
G3708,0.083333333,0
G3709,0.225252525,0
G3710,0.066100094,0
G3711,0.074178404,0
G3712,0.19047619,0
G3713,0.098709188,0
G3714,0.089635854,0
G3715,0.395833333,0
G3716,0.244306418,0
G3717,0.307692308,0
G3718,0.116640747,0
G3719,0.186166299,0
G3720,0.592592593,0
G3721,0.32034632,0
G3722,0.089990817,0
G3723,0.052083333,0
G3724,0.298850575,0
G3725,0.052023121,0
G3726,0.194304858,0
G3727,0.29787234,0
G3728,0.100465735,0
G3729,0.224677716,0
G3730,0.202286719,0
G3731,0.054794521,0
G3732,0.055062823,0
G3733,0.048076923,0
G3734,0.061524334,0
G3735,0.261410788,0
G3736,0.202614379,0
G3737,0.113367174,0
G3738,0.127790608,0
G3739,0.106866758,0
G3740,0.089285714,0
G3741,0.061579652,0
G3742,0.122065728,0
G3743,0.108409321,0
G3744,0.231981982,0
G3745,0.107038976,0
G3746,0.123809524,0
G3747,0.068888889,0
G3748,0.183098592,0
G3749,0.243781095,0
G3750,0.10351377,0
G3751,0.108433735,0
G3752,0.112554113,0
G3753,0.130173062,0
G3754,0.129353234,0
G3755,0.243093923,0
G3756,0.291116974,0
G3757,0.076190476,0
G3758,0.222052846,0
G3759,0.283687943,0
G3760,0.09375,0
G3761,0.085123309,0
G3762,0.092063492,0
G3763,0.162393162,0
G3764,0.229027468,0
G3765,0.233333333,0
G3766,0.200757576,0
G3767,0.083149375,0
G3768,0.31641286,0
G3769,0.261904762,0
G3770,0.062678063,0
G3771,0.05952381,0
G3772,0.291666667,0
G3773,0.086317723,0
G3774,0.210401891,0
G3775,0.247619048,0
G3776,0.22899729,0
G3777,0.164383562,0
G3778,0.105756359,0
G3779,0.158576052,0
G3780,0.066666667,0
G3781,0.035326087,0
G3782,0.186125212,0
G3783,0.109243697,0
G3784,0.077889447,0
G3785,0.088050314,0
G3786,0.229671012,0
G3787,0.087845969,0
G3788,0.109947644,0
G3789,0.165969317,0
G3790,0.091995221,0
G3791,0.19338843,0
G3792,0.268939394,0
G3793,0.067732116,0
G3794,0.157232704,0
G3795,0.222222222,0
G3796,0.093632959,0
G3797,0.091036415,0
G3798,0.112449799,0
G3799,0.105733433,0
G3800,0.353333333,0
G3801,0.234074074,0
G3802,0.386446886,0
G3803,0.414030819,0
G3804,0.133819951,0
G3805,0.039337474,0
G3806,0.081871345,0
G3807,0.081549439,0
G3808,0.126984127,0
G3809,0.094736842,0
G3810,0.078014184,0
G3811,0.04137931,0
G3812,0.074941452,0
G3813,0.216942149,0
G3814,0.116666667,0
G3815,0.057971014,0
G3816,0.091194969,0
G3817,0.099337748,0
G3818,0.067307692,0
G3819,0.055555556,0
G3820,0.082652134,0
G3821,0.038732394,0
G3822,0.230576441,0
G3823,0.287601626,0
G3824,0.210416667,0
G3825,0.488279017,0
G3826,0.234082397,0
G3827,0.259593679,0
G3828,0.083333333,0
G3829,0.114427861,0
G3830,0.20952381,0
G3831,0.08997955,0
G3832,0.288288288,0
G3833,0.251937984,0
G3834,0.312540611,0
G3835,0.126582278,0
G3836,0.099773243,0
G3837,0.187387387,0
G3838,0.052631579,0
G3839,0.279279279,0
G3840,0.399328859,0
G3841,0.203921569,0
G3842,0.118666667,0
G3843,0.246119734,0
G3844,0.060818713,0
G3845,0.095541401,0
G3846,0.225185185,0
G3847,0.064516129,0
G3848,0.245945946,0
G3849,0.192488263,0
G3850,0.083076923,0
G3851,0.348659004,0
G3852,0.358126722,0
G3853,0.182795699,0
G3854,0.075955491,0
G3855,0.203431373,0
G3856,0.115384615,0
G3857,0.082764893,0
G3858,0.094098884,0
G3859,0.037205771,0
G3860,0.401215805,0
G3861,0.211505922,0
G3862,0.115059222,0
G3863,0.040242976,0
G3864,0.08685446,0
G3865,0.247739602,0
G3866,0.216802168,0
G3867,0.095394737,0
G3868,0.242161716,0
G3869,0.069358178,0
G3870,0.073717949,0
G3871,0.050833333,0
G3872,0.097345133,0
G3873,0.188596491,0
G3874,0.23890785,0
G3875,0.046875,0
G3876,0.063063063,0
G3877,0.085385878,0
G3878,0.275159977,0
G3879,0.231155779,0
G3880,0.278846154,0
G3881,0.090355805,0
G3882,0.120567376,0
G3883,0.301587302,0
G3884,0.225950783,0
G3885,0.323514212,0
G3886,0.062605753,0
G3887,0.330218069,0
G3888,0.082191781,0
G3889,0.044634378,0
G3890,0.444444444,0
G3891,0.125195618,0
G3892,0.117021277,0
G3893,0.346112886,0
G3894,0.139433551,0
G3895,0.075637643,0
G3896,0.256900212,0
G3897,0.08685446,0
G3898,0.118421053,0
G3899,0.073394495,0
G3900,0.351449275,0
G3901,0.259340659,0
G3902,0.082222222,0
G3903,0.050689376,0
G3904,0.048192771,0
G3905,0.060185185,0
G3906,0.048245614,0
G3907,0.071705426,0
G3908,0.054794521,0
G3909,0.229527105,0
G3910,0.197278912,0
G3911,0.365591398,0
G3912,0.085953878,0
G3913,0.166666667,0
G3914,0.167865707,0
G3915,0.224924012,0
G3916,0.276595745,0
G3917,0.068376068,0
G3918,0.057675997,0
G3919,0.231851007,0
G3920,0.083333333,0
G3921,0.097505669,0
G3922,0.48,0
G3923,0.211111111,0
G3924,0.055865922,0
G3925,0.259075908,0
G3926,0.380355277,0
G3927,0.188092529,0
G3928,0.179941003,0
G3929,0.213914849,0
G3930,0.055555556,0
G3931,0.096153846,0
G3932,0.105691057,0
G3933,0.058181818,0
G3934,0.161157025,0
G3935,0.112947658,0
G3936,0.313580247,0
G3937,0.086956522,0
G3938,0.082706767,0
G3939,0.062605753,0
G3940,0.075471698,0
G3941,0.065972222,0
G3942,0.095169082,0
G3943,0.050724638,0
G3944,0.04676259,0
G3945,0.216117216,0
G3946,0.217726397,0
G3947,0.090277778,0
G3948,0.213114754,0
G3949,0.247619048,0
G3950,0.212462462,0
G3951,0.312698413,0
G3952,0.220779221,0
G3953,0.260606061,0
G3954,0.176470588,0
G3955,0.296143251,0
G3956,0.111758989,0
G3957,0.263488544,0
G3958,0.07646356,0
G3959,0.04021164,0
G3960,0.202702703,0
G3961,0.072271386,0
G3962,0.08496732,0
G3963,0.064444444,0
G3964,0.107266436,0
G3965,0.053731343,0
G3966,0.188405797,0
G3967,0.215686275,0
G3968,0.093928981,0
G3969,0.23625731,0
G3970,0.082191781,0
G3971,0.212560386,0
G3972,0.380952381,0
G3973,0.071507151,0
G3974,0.116611661,0
G3975,0.22833843,0
G3976,0.366366366,0
G3977,0.171171171,0
G3978,0.046296296,0
G3979,0.274376417,0
G3980,0.07518797,0
G3981,0.346756152,0
G3982,0.262996942,0
G3983,0.200729927,0
G3984,0.409207161,0
G3985,0.099821747,0
G3986,0.080335731,0
G3987,0.09178744,0
G3988,0.174846626,0
G3989,0.204819277,0
G3990,0.1,0
G3991,0.678111588,0
G3992,0.26031746,0
G3993,0.230046948,0
